1376;6588;47;;It's good to see you doing the rounds.&Welcome.;E' bello vederti in giro. Benvenuto.;;
1392;6640;57;;This is the command room.&Use it to structure your squad.;Questa > la sala comando. Usala per strutturare la tua&squadra.;;
1408;6704;58;;You'll have access to both drafted and volunteer recruits.;Avrai accesso sia alle reclute arruolate che a quelle&volontarie.;;
1424;6768;98;;Now that I think of it, Squad 7 is still short on soldiers,&isn't it? I'll explain how this works.;Ora che ci penso, la Squadra 7 > ancora a corto di&soldati, non > vero? Spieghero' come funziona.;;
1440;6872;92;;This is the master list. The recruits have all&been assigned classes based on their talents.;Questa > la lista principale. A tutte le reclute sono&state assegnate classi in base ai loro talenti.;;
1456;6972;65;;I should probably touch on the five classes,&just so we're clear.;Probabilmente dovrei soffermarmi sulle cinque classi,&giusto per essere chiari.;;
1472;7044;82;;First off, you have the scouts.&Just like the name suggests, they'll be your eyes.;Per prima cosa, ci sono gli scout. Proprio come suggerisce&il nome, saranno i tuoi occhi.;;
1488;7132;93;;Their best asset is their mobility.&They can go out, collect intel, then make it back safely.;La loro risorsa migliore > la mobilit=: possono uscire,&raccogliere informazioni e poi tornare sani e salvi.;;
1504;7232;97;;That, and a keen eye for enemies. A good&scout can spot a man in tall grass from a hundred yards.;Questo, e un occhio attento per i nemici. Un bravo esplorat-&re puo' individuare un uomo nell'erba alta da cento metri.;;
1520;7336;89;;That comes at the price of firepower.&Their job is spotting enemies, not taking them out.;Tutto cio' ha un costo in termini di potenza di fuoco. Il&loro compito > individuare i nemici, non eliminarli.;;
1536;7432;86;;Next up, the shocktrooper.&They're the ones to break through enemy lines and clean up.;Poi tocca agli Shocktrooper. Sono loro a sfondare le linee&nemiche e a fare piazza pulita.;;
1552;7524;92;;They offer excellent offense and defense.&As far as combat goes, they're as good as it gets.;Offrono un attacco e una difesa eccellenti. E per quanto&riguarda il combattimento, sono il massimo.;;
1568;7624;90;;While they lack any specialized techniques,&they also don't have any obvious shortcomings.;Sebbene non dispongano di tecniche specializzate, non&presentano nemmeno difetti evidenti.;;
1584;7720;66;;Think of them as the least finicky unit in your squad,&Lieutenant.;Considerali l'unit= meno schizzinosa della tua squadra,&tenente.;;
1600;7792;95;;After them, we have lancers, the anti-tank units.&They're critical when facing armored targets.;Dopo di loro abbiamo i lancieri, le unit= anticarro. Sono&fondamentali quando si affrontano bersagli corazzati.;;
1616;7892;93;;Their purpose is pretty self-explanatory.&In most cases, they're the only way to stop a tank.;Il loro scopo > abbastanza autoesplicativo.&Nella maggior parte dei casi, sono l'unico modo per fermare un carro armato.;;
1632;7992;85;;They're also well shielded from explosives,&which conveniently includes tank mortars.;Sono anche ben protetti dagli esplosivi, tra cui rientrano&anche i mortai dei carri armati.;;
1648;8084;92;;Sadly, they're slow and weak to gunfire.&Their limited ammo could also be called a drawback.;Purtroppo sono lenti e deboli al fuoco nemico.&Anche le munizioni limitate potrebbero essere considerate uno svantaggio.;;
1664;8184;87;;Changing gears, we have the engineers.&They handle supplies and perform combat support.;Cambiando argomento, abbiamo gli ingegneri. Si occupano&delle forniture e forniscono supporto al combattimento.;;
1680;8276;88;;They can restock other units' ammunitions,&treat the wounded, even repair tanks on-site.;Possono rifornire le munizioni delle altre unit=, curare i&feriti e perfino riparare i carri armati sul posto.;;
1696;8372;76;;They can place sandbags for cover, disarm mines,&repair towers, you name it.;Possono piazzare sacchi di sabbia per ripararsi,&disinnescare mine, riparare torri e molto altro.;;
1712;8456;78;;Their actual combat skills are very low.&Think of them as combat facilitators.;Le loro reali capacit= di combattimento sono molto scarse.&Considerateli come facilitatori del combattimento.;;
1728;8540;86;;Lastly, we have the snipers. They can shoot&down targets from a considerable distance.;Infine, abbiamo i cecchini. Possono sparare&abbattere&bersagli da una distanza considerevole.;;
1744;8632;97;;You won't find better soldiers for marksmanship and range.&They can hit targets I can barely see.;Non troverete soldati migliori per abilit= di tiro e gittata.&Possono colpire bersagli che riesco a malapena a vedere.;;
1760;8736;86;;Sniping rifles also come with scopes that&work to augment a sniper's natural eyesight.;I fucili da cecchino sono dotati anche di mirini che&migliorano la vista naturale del cecchino.;;
1776;8828;91;;Drawbacks include low mobility and defense.&If the enemy gets them alone, they're done for.;Gli svantaggi includono scarsa mobilit= e scarsa difesa.&Se il nemico li prende da soli, sono spacciati.;;
1792;8924;29;;That should cover the basics.;Questo dovrebbe coprire le nozioni di base.;;
1808;8960;99;;Go ahead and put a squad together now.&There's room for twenty, and you can swap units at any time.;Forza, metti insieme una squadra adesso. C'> spazio per&venti persone e puoi cambiare unit= in qualsiasi momento.;;
1824;9064;92;;Well? Feel like you've struck a balance?&Come back any time you'd like to adjust your squad.;Bene? Pensi di aver trovato un equilibrio? Torna ogni&volta che vuoi per modificare la tua squadra.;;
1840;9164;85;;As time passes, we'll have more recruits to choose from,&so keep an eye on that list.;Con il passare del tempo avremo piu' reclute tra cui&scegliere, quindi tenete d'occhio la lista.;;
1856;9256;87;;Oh, and all the recruits go through training&together, so they're all ready for combat.;Oh, e tutte le reclute si addestrano insieme, cosi sono&pronte a combattere.;;
1872;9348;81;;They'll be at the same level as the&rest of the team you've taken into the field.;Saranno allo stesso livello del resto della squadra che&hai portato in campo.;;
1888;9436;85;;You can swap out members without the worry of&losing the benefit of their experience.;Puoi sostituire i membri senza preoccuparti di perdere i&vantaggi della loro esperienza.;;
1904;9528;75;;Trust in your own judgment and pick a team you&know you can work well with.;Fidati del tuo giudizio e scegli un team con cui sai di&poter lavorare bene.;;
1920;9608;80;;That should be enough to get you started.&You can figure out the rest as you go.;Questo dovrebbe essere sufficiente per iniziare. Il resto&lo scoprirai strada facendo.;;
1936;9696;44;;Wow!&Squad leader's a lot of responsibility.;Wow! E il caposquadra ha un sacco di responsabilit=.;;
1952;9748;59;;Come to think of it, Faldio's heading up Squad 1,&isn't he?;A pensarci bene, Faldio > a capo della Squadra 1, non >&vero?;;
1968;9812;83;;I wonder if he's off sorting through this stuff now, too.&I'd better get a move on.;Chiss= se anche lui adesso sta sistemando questa roba.&Meglio sbrigarmi.;;
1984;9900;44;;Hello, Welkin.&Here to fine-tune your squad?;Ciao Welkin. Sei qui per mettere a punto la tua squadra?;;
2000;9952;85;;Oh, and there have been some new recruits.&You should take a look at the master list.;Oh, e ci sono state alcune nuove reclute. Dovresti dare&un'occhiata all'elenco principale.;;
2016;10044;62;;Come back any time you need to change your lineup,&Lieutenant.;Torna ogni volta che hai bisogno di cambiare la tua&formazione, Tenente.;;
2032;10112;65;;Hi, I'm Alex Raymond!&I look forward to serving with you, Welkin!;Ciao, sono Alex Raymond! Non vedo l'ora di lavorare con&te, Welkin!;;
2048;10184;64;;Thanks for everything, Welkin!&Just gimme a call if you need me!;Grazie di tutto, Welkin! Chiamami se hai bisogno!;;
2064;10256;58;;H-hello, I'm Kevin... Kevin Abbott.&Pleased to meet you...;C-ciao, sono Kevin... Kevin Abbott.&Piacere di&conoscerti...;;
2080;10320;49;;Th-Thanks for... everything.&I'll be going now...;Grazie... per tutto. E ora vado...;;
2096;10376;78;;Name's Coby Caird, boyo!&Looks to me like we're gonna see a lot of each other!;Mi chiamo Coby Caird, amico! E mi sembra che ci vedremo&molto spesso!;;
2112;10460;77;;You got my mark, kid!&You ever need a relic like me again, just gimme a call!;Hai il mio marchio, ragazzo! Se hai ancora bisogno di una&reliquia come me, chiamami!;;
2128;10544;32;;Salinas Milton, at your service.;Salinas Milton, al vostro servizio.;;
2144;10584;39;;This was a good squad.&So long, Welkin.;Questa era una buona squadra. Addio, Welkin.;;
2160;10628;41;;Hannes Salinger!&Reporting for duty, sir!;Hannes Salinger! A rapporto, signore!;;
2176;10676;63;;Thanks for everything, Mr. Gunther, sir!&Call me if I can help!;Grazie di tutto, signor Gunther! Mi chiami se posso&aiutarla!;;
2192;10744;64;;Hello, I'm Mica Hawkins.&I'll be serving under you from here on.;Salve, sono Mica Hawkins e da ora in poi saro' al vostro&servizio.;;
2208;10816;70;;I enjoyed my time with you.&If I can be of help in the future, do ask.;Mi sono divertito molto con te. Se in futuro posso esserti&utile, chiedi pure.;;
2224;10892;63;;The name's Vyse Inglebard!&Let's go kick this war in the teeth!;Il mio nome > Vyse Inglebard! Andiamo a dare un calcio nei&denti a questa guerra!;;
2240;10960;75;;You're a good man, Welkin! Anytime you need me,&call and I'll come runnin'!;Sei un brav'uomo, Welkin! Ogni volta che hai bisogno di&me, chiamami e correro'!;;
2256;11040;64;;Hello! My name is Lynn.&I look forward to working with you, sir.;Salve! Mi chiamo Lynn e non vedo l'ora di lavorare con te,&signore.;;
2272;11112;83;;I appreciate all you've done for me, sir.&Do let me know if I can help in some way.;La ringrazio per tutto quello che ha fatto per me, signore.-&E mi faccia sapere se posso aiutarla in qualche modo.;;
2288;11200;42;;I'm Wendy Cheslock...&Hee hee... Kaboom...;Sono Wendy Cheslock...&Hee hee... Kaboom...;;
2304;11248;38;;What... It's over?&Oh... That's sad...;Cosa... E' finita? Oh... Che tristezza...;;
2320;11292;80;;I'm Edy Nelson. Perhaps you've heard of me?&I'm sure we'll get along swimmingly!;Sono Edy Nelson. Forse hai sentito parlare di me?&Sono&sicuro che andremo d'accordo alla grande!;;
2336;11380;80;;Y-You know, I could be persuaded to help again...&If you ever needed me, I mean.;Q-sai, potrei essere convinto ad aiutarti di nuovo... e se&mai avessi bisogno di me, intendo.;;
2352;11468;52;;Hi, I'm Aisha Neumann!&Nice to meet you, Mr. Welkin!;Salve, sono Aisha Neumann! Piacere di conoscerla, signor&Welkin!;;
2368;11528;59;;Thanks for everything, Mr. Welkin!&You can call me anytime!;Grazie di tutto, signor Welkin! Puo' chiamarmi quando vuole!;;
2384;11592;75;;The name's Jane Turner.&I'll do anything if it means putting holes in Imps.;Il mio nome > Jane Turner e sono disposta a tutto pur di&fare buchi negli Imp.;;
2400;11672;83;;Rgh! Kicked out with so much left to do...&Look, gimme a call if you need ANYthing.;Rgh! Cacciato via con cosi tante cose ancora da&fare...&Guarda, chiamami se hai bisogno di QUALCOSA.;;
2416;11760;56;;H-Hello there, I'm Dorothy!&I'll, uh... I'll do my best!;C-Ciao, sono Dorothy! E io, uh... faro' del mio meglio!;;
2432;11824;76;;I'm kind of relieved to be leaving.&O-oh, but I'll come back if you need me.;Sono in un certo senso sollevato di andarmene.&O-oh, ma&tornero' se avrai bisogno di me.;;
2448;11908;72;;The name's Nina Streiss,&and I look forward to a good workout out there!;Mi chiamo Nina Streiss e non vedo l'ora di allenarmi!;;
2464;11988;78;;Thanks for the good times, boss!&I'll stay in shape in case you need me again!;Grazie per i bei momenti, capo! E mi manterro' in forma nel&caso avessi di nuovo bisogno di me!;;
2480;12072;87;;I'm Musaad Mayfield. Good to meet ya!&Now that I'm here, ya'll got this one in the bag!;Sono Musaad Mayfield. E' un piacere conoscerti! E ora che&ci sono, ce l'avete fatta!;;
2496;12164;76;;You ain't half bad, kid!&Just lemme know if you ever need me to bail ya out!;Non sei niente male, ragazzo! E fammi sapere se mai&dovessi aver bisogno che ti tiri fuori dai guai!;;
2512;12248;70;;I'm Hermes Kissinger.&With me here, your squad'll get twice the girls.;Sono Hermes Kissinger. Con me qui, la tua squadra avr= il&doppio delle ragazze.;;
2528;12324;73;;See you later, boss,&and sorry if all the ladies leave now that I'm gone.;Ci vediamo dopo, capo, e scusami se tutte le ragazze se ne&vanno ora che me ne sono andato.;;
2544;12404;56;;Hey, Welkster, I'm Melville Young!&I'll do my best, man!;Ciao, Welkster, sono Melville Young! E faro' del mio&meglio, amico!;;
2560;12468;85;;I'll never forget you guys, Welk-man!&Just say the word if there's anything I can do!;Non vi dimentichero' mai, Welk-man! Se c'> qualcosa che&posso fare, ditelo pure!;;
2576;12560;80;;Thank you, hello! I'm Ted Ustinov,&and I've got some great new material for you!;Grazie, ciao! Sono Ted Ustinov e ho del nuovo materiale&fantastico per te!;;
2592;12648;69;;Thank you, thank you!&You're a wonderful audience! I'm here all week!;Grazie, grazie!&Siete un pubblico meraviglioso! Sono qui&tutta la settimana!;;
2608;12724;59;;Please, call me Wavy.&From today onward, we fight together.;Per favore, chiamami Wavy. Da oggi in poi combatteremo&insieme.;;
2624;12788;87;;You've taught me quite a lot, sir.&If I can be of service again, don't hesitate to ask.;Mi ha insegnato molto, signore. Se posso esserle utile&ancora, non esiti a chiederlo.;;
2640;12880;38;;Hey! I'm Montley Leonard! How goes it?;Ciao! Sono Montley Leonard! Come va?;;
2656;12924;43;;Okay, great! Later! Call me if you need me!;Ok, ottimo! A dopo! Chiamami se hai bisogno di me!;;
2672;12972;27;;...I'm Noce Wordsworth.&Hi.;...Sono Noce Wordsworth.Ciao.;;
2688;13004;57;;Yeah, later...&Oh, and if you hurt Alicia, I'll kill you.;Si, piu' tardi... Oh, e se fai del male ad Alicia, ti&uccido.;;
2704;13068;43;;I'm Nancy Dufour!&It's so good to meet you!;Sono Nancy Dufour! E' un piacere conoscerti!;;
2720;13116;54;;It was so great working with you!&I had a total blast!;E' stato fantastico lavorare con te! Mi sono divertito&tantissimo!;;
2736;13176;53;;My name's Ramona Linton!&Good to be on board, Welkin!;Mi chiamo Ramona Linton! E' bello essere a bordo, Welkin!;;
2752;13236;63;;Okay, and nice work out there so far!&You can call me anytime�!;Bene, e finora buon lavoro! Puoi chiamarmi quando vuoi!;;
2768;13304;80;;My name is Susie Evans, sir.&I realize I'm inexperienced, but I'll do all I can.;Mi chiamo Susie Evans, signore. Mi rendo conto di essere&inesperta, ma faro' tutto il possibile.;;
2784;13392;84;;You've been a wonderful leader, sir,&but I am a bit relieved to be done with combat.;Lei > stato un leader meraviglioso, signore, ma sono un&po' sollevato di aver concluso il combattimento.;;
2800;13484;68;;I'm Freesia York, handsome!&I know you'll take real good care of me.;Sono Freesia York, bellissimo! E so che ti prenderai cura&di me al meglio.;;
2816;13560;74;;Thanks for everything, Welkin!&You call me any time you need me, you hear?;Grazie di tutto, Welkin! Chiamami ogni volta che hai&bisogno di me, hai capito?;;
2832;13640;74;;Juno Coren, reporting for duty.&Looks like I'll be joining you in Squad 7.;Juno Coren, a rapporto. Sembra che mi uniro' a voi nella&Squadra 7.;;
2848;13720;87;;I'm glad for the time we got to spend together.&Just let me know if something comes up.;Sono felice del tempo che abbiamo trascorso insieme. Fammi&sapere se succede qualcosa.;;
2864;13812;72;;"I'm Cherry Stijnen, like, with a ""j.""&It's silent... But, um... I'm not!";"Mi chiamo Cherry Stijnen, tipo, con la ""j"". E' muta... Ma,&uhm... non lo sono!";;
2880;13892;75;;Ugh, like, finally? I sooo need a break.&I was totally dying! So yeah, bye!;Ugh, tipo, finalmente? Ho proprio bisogno di una pausa. E&stavo morendo! Quindi si, ciao!;;
2896;13972;67;;Hey there, I'm Aika Thompson.&I'll try my best. Sound good, Welkin?;Ciao, sono Aika Thompson. Faro' del mio meglio. Ti sembra&una buona idea, Welkin?;;
2912;14044;82;;What, it's over already? Well, that's fine.&If you need me, though, call me, 'kay?;Cosa, > gi= finita? Bene, va bene. E se hai bisogno di me,&pero', chiamami, ok?;;
2928;14132;68;;Hey, soldier�� I'm Jann Walker.&I'll fight with everything I've got.;Ehi, soldato... Sono Jann Walker e combattero' con tutte le&mie forze.;;
2944;14208;76;;Oh, I am going to miss you to death!&You give me a call any old time, honey!;Oh, mi mancherai da morire! E chiamami quando vuoi, tesoro!;;
2960;14292;52;;I'm Nils. Nils Daerden...&I'll see you on the field.;Sono Nils. Nils Daerden...e ci vediamo sul campo.;;
2976;14352;31;;That was good...&Be seeing you.;E' stato bello...Ci vediamo presto.;;
2992;14388;53;;Heyyy, Theold Bohr here.&Remember the name, boss-man.;Ehiiii, sono il vecchio Bohr. Ricordati il nome, capo.;;
3008;14448;62;;...Hey, what'd I do?&Oh c'mon, man, gimme another chance here!;...Ehi, cosa ho fatto? E dai, amico, dammi un'altra&possibilit=!;;
3024;14516;63;;The name's Walter Nash, buddy!&Pleasure to be working with you!;Il mio nome > Walter Nash, amico! E' un piacere lavorare&con te!;;
3040;14584;76;;I knew it... I'm useless, aren't I?&I won't hold my breath for a callback...;Lo sapevo... Sono inutile, non > vero? E non tratterrei il&fiato nell'attesa di una chiamata...;;
3056;14668;64;;My name's Hector Calvey, sir!&I'm at your service from today on!;Mi chiamo Hector Calvey, signore! E da oggi sono al vostro&servizio!;;
3072;14740;79;;Thanks for everything you've done, sir!&If I can be of help again, let me know!;Grazie per tutto quello che ha fatto, signore! Se posso&esserle di nuovo utile, me lo faccia sapere!;;
3088;14824;86;;Hi, my name's Audrey Heitinga,&and you were totally my inspiration for enlisting, sir!;Salve, mi chiamo Audrey Heitinga e lei > stata la vera&ispirazione per il mio arruolamento, signore!;;
3104;14916;68;;What? This is good bye?!&We'll see each other again, though, right?!;Cosa? Questo > un arrivederci?! E ci rivedremo, pero',&giusto?!;;
3120;14992;59;;My name's Rosina Selden! &I'm in with you guys as of today.;Mi chiamo Rosina Selden! E da oggi sono con voi.;;
3136;15056;71;;You do good work, pal.&If you ever need some muscle, just gimme a call!;Ottimo lavoro, amico. Se hai bisogno di un po' di muscoli,&chiamami!;;
3152;15132;64;;Hi there, I'm Yoko Martens! &I'm sure we'll get along just fine.;Ciao, sono Yoko Martens! E sono sicura che andremo molto&d'accordo.;;
3168;15204;74;;Thanks for all you've done, kiddo!&If you need me, I'm always here for ya!;Grazie per tutto quello che hai fatto, piccolo! Se hai&bisogno, sono sempre qui per te!;;
3184;15284;47;;Hiii! My name's Elysse Moore!&Nice to meet you!;Ciao! Mi chiamo Elysse Moore!&Piacere di conoscerti!;;
3200;15336;67;;Thanks for everything, and...&lemme know if I can help out, okaaay?;Grazie di tutto e...fammi sapere se posso aiutarti, ok?;;
3216;15408;82;;Greetings. My name is Knute Jung,&and I'm prepared to lay my body down for Gallia.;Saluti. Mi chiamo Knute Jung e sono pronto a dare il mio&corpo per Gallia.;;
3232;15496;78;;I'd assumed my fortunes would only improve around you.&This is... unfortunate.;Pensavo che la mia fortuna sarebbe solo migliorata con te.&E questa >... una sfortuna.;;
3248;15580;64;;Um, Herbert Nielson. Is me, I mean.&I'll, uh...  Yeah, I'll try.;Ehm, Herbert Nielson. Sono io, intendo. E io, uh... Si, ci&provero'.;;
3264;15652;59;;Wow, so I guess it's over, then?&I-I mean, that's fine too.;Wow, quindi direi che > finita?&I-Intendo dire, va bene&anche cosi.;;
3280;15716;61;;M-My name is Karl Landzaat, sir.&It's a pleasure to join you.;Mi chiamo Karl Landzaat, signore. E' un piacere incontrarmi&con voi.;;
3296;15784;85;;Y-You've taught me a great deal, sir.&Please... Let me know if I can ever be of help.;Mi hai insegnato molto, signore. E per favore... fammi&sapere se posso esserti d'aiuto.;;
3312;15876;83;;I'm Homer Peron... Here to fight together with you&until this war claims my life...;Sono Homer Peron... Sono qui per combattere insieme a&voi... finch< questa guerra non mi porter= via la vita...;;
3328;15964;62;;Oh... a premature parting.&Yet another place I don't belong...;Oh... una separazione prematura... e un altro posto a cui&non appartengo...;;
3344;16032;54;;My name is Dallas Wyatt.&I'm excited to be joining up.;Mi chiamo Dallas Wyatt e sono entusiasta di unirmi a voi.;;
3360;16092;41;;Good luck with everything, sir.&Good day.;Buona fortuna per tutto, signore. & Buona giornata.;;
3376;16140;29;;I'm Ramsey Clement.&Uh... Hi.;Sono Ramsey Clement.&Uh... Ciao.;;
3392;16176;19;;Okay. See ya later.;Ok. Ci vediamo dopo.;;
3408;16200;71;;Hello, sir. My name is Nadine.&I'm sure I'll be coming to you for help.;Salve signore. Mi chiamo Nadine e sono certa che mi&rivolgero' a lei per chiedere aiuto.;;
3424;16276;87;;I'd like to thank you for the time we spent.&If you ever need it, I'd be happy to help.;Vorrei ringraziarti per il tempo che abbiamo dedicato a&te. Se mai dovessi averne bisogno, saro' felice di aiutarti.;;
3440;16368;73;;Hello, I'm Claudia Mann!&I'll do my best to live up to your expectations!;Ciao, sono Claudia Mann! Faro' del mio meglio per&soddisfare le tue aspettative!;;
3456;16448;75;;All right, thank you for having me!&I'd be happy to join you again anytime!;Va bene, grazie per avermi invitato! Saro' felice di unirmi&a voi in qualsiasi momento!;;
3472;16528;63;;I'm Emile Bielert.&I'm just happy to be here, Mr. Gunther, sir.;Sono Emile Bielert e sono felice di essere qui, signor&Gunther.;;
3488;16596;85;;I appreciate you having a guy like me on.&I hope I get to fight under you again, sir.;Apprezzo il fatto che tu abbia con te un ragazzo come me.&Spero di poter combattere di nuovo sotto la tua guida, signore.;;
3504;16688;55;;Hey, I'm Oscar Bielert. &Thanks for taking me on board.;Ciao, sono Oscar Bielert. Grazie per avermi accolto.;;
3520;16748;63;;I'll miss the squad, Welkin. &Feel free to call on me any time.;Mi mancher= la squadra, Welkin. E sentiti libero di&contattarmi quando vuoi.;;
3536;16816;73;;My name is Cezary Regard,&and I'll handle things my own way, thank you...;Mi chiamo Cezary Regard e gestiro' le cose a modo mio,&grazie...;;
3552;16896;71;;Phew! Glad I made it out of there alive.&I doubt you'll see me again...;Uff! Sono contento di essere uscito vivo da li. E dubito&che mi rivedrai...;;
3568;16972;37;;Marina Wulfstan...&At your command...;Marina Wulfstan...&Ai tuoi ordini...;;
3584;17016;42;;I understand.&If you ever need me, call...;Capisco. Se hai bisogno di me, chiamami...;;
3600;17064;64;;Hello, I'm Catherine O'Hara. &I look forward to joining you all.;Ciao, sono Catherine O'Hara e non vedo l'ora di&incontrarmi con voi tutti.;;
3616;17136;87;;I feel good about the time we had, sir.&If called again, I'd gladly fight for the team.;Sono soddisfatto del tempo che abbiamo trascorso, signore.&Se mi convocassero di nuovo, combatterei volentieri per la squadra.;;
3632;17228;39;;I'll be joining you from today on, sir!;Da oggi saro' con voi, signore!;;
3648;17272;73;;Thank you for everything, sir!&Just say the word if I can help you again!;Grazie di tutto, signore! E dimmi pure se posso aiutarti&ancora!;;
3664;17352;28;;I'm excited to be here, sir!;Sono emozionato di essere qui, signore!;;
3680;17388;72;;I'm sad to be leaving, sir!&If you ever need a hand, it'd be a pleasure!;Mi dispiace andarmene, signore! Se mai avesse bisogno di&una mano, sarebbe un piacere!;;
3696;17468;34;;I look forward to working for you!;Non vedo l'ora di lavorare per te!;;
3712;17508;57;;I understand, sir.&Perhaps we'll meet again another time!;Capisco, signore. Forse ci incontreremo di nuovo un'altra&volta!;;
3728;17572;88;;Welcome to your worst nightmare!&I'm the guy who's gonna whip you lazy blobs into shape!;Benvenuti nel vostro peggior incubo! E io sono la persona&che vi rimetter= in forma, pigri blocchetti!;;
3744;17668;86;;Still, I can't work miracles here.&No amount of drilling beats real combat experience!;Ma qui non posso fare miracoli.&Nessuna quantit= di addestramento puo' battere la vera esperienza di combattimento!;;
3760;17760;86;;I want you all to go out there,&kick some Imp tail, and then show me what you learned!;Voglio che andiate tutti l= fuori, diate un calcio a&qualche Imp Tail e poi mi mostriate cosa avete imparato!;;
3776;17852;84;;I will train that experience into something&you can actually use. Level you bums up!;Io trasformero' quell'esperienza in qualcosa che potrai&effettivamente usare. Alza il livello, stronzi!;;
3792;17944;89;;BUT! Don't go tryin' to hog all the glory!&A squad's a team and we got no need for stars!;MA! Non cercare di accaparrarti tutta la gloria! Una&squadra > una squadra e non abbiamo bisogno di stelle!;;
3808;18040;92;;"You'll train as a class and level up by class.&""Scout Level 2,"" ""Scout Level 3,"" you get it?";"Vi allenerete in una classe e salirete di livello in&classe. ""Scout Livello 2"", ""Scout Livello 3"", avete capito?";;
3824;18140;82;;When the scouts level up, that means each and&every one of 'em goes up that level.;Quando gli scout salgono di livello, significa che ognuno&di loro sale di quel livello.;;
3840;18228;91;;You hear me, maggots? Any of you thinks he's&better than the rest of the team, go home now!;Mi sentite, vermi? Qualcuno di voi pensa che sia meglio&del resto della squadra, andate a casa ora!;;
3856;18324;74;;All right. Now I'll show you lowlifes how&this whole thing actually works.;Bene. Ora vi mostrero', birbanti, come funziona davvero&tutta questa faccenda.;;
3872;18404;92;;It ain't complicated. First you go out there and fight,&then divvy up that experience here. ;Non > complicato. Prima vai l= fuori e combatti, e poi&dividi quell'esperienza qui.;;
3888;18504;86;;Once the experience you cram into a soldier&class clears a set amount, it'll level up.;Una volta che l'esperienza ti > entrata in testa come soldato&la classe supera una certa quantit= di ostacoli, salir= di livello.;;
3904;18596;92;;Pickin' which class to level up and when is your&job as the squad leader! Now, give it a go!;Scegli quale classe far salire di livello e quando > il&tuo lavoro come caposquadra! Ora, provaci!;;
3920;18696;90;;Got it? That's how trainin' by class works.&Now get out there and rack up some experience!;Capito? Ecco come funziona l'allenamento per classe. E ora&esci e accumula un po' di esperienza!;;
3936;18792;38;;Oh, and there's one more thing to add.;Ah, c'> un'altra cosa da aggiungere.;;
3952;18836;73;;Sometimes levelin' up a unit class will&unlock a hidden potential in 'em.;A volte, aumentando di livello una classe di unit=, si puo'&scoprire un potenziale nascosto in esse.;;
3968;18916;83;;You can think of potentials as the natural&abilities your soldiers have inside 'em.;Puoi pensare ai potenziali come alle abilit= naturali che&i tuoi soldati hanno dentro di s<.;;
3984;19004;88;;Those abilities will form a big part of your&strength in the field, so keep 'em in mind!;Queste abilit= costituiranno una parte importante della&tua forza sul campo, quindi tienile a mente!;;
4000;19100;73;;Other times, levelin' up a class will earn you&clearance for a new order.;Altre volte, salire di livello in una classe ti far=&ottenere l'autorizzazione per un nuovo ordine.;;
4016;19180;89;;Here, as long as we're talkin' about it...&I'll teach you a classic. A real golden oldie.;Ecco, visto che ne stiamo parlando...e vi insegnero' un&classico. Un vero pezzo forte.;;
4032;19276;86;;You learned @fcfff00000:Evade Boost@fci:.&This order raises one ally's evasion&skills.;Hai imparato @fcfff00000:Evade Boost@fci:.&Questo ordine&aumenta le abilit= di evasione di un alleato.;;
4048;19368;81;;Use this order in command mode to boost the&entire squad's evasion for one phase.;Utilizza questo ordine in modalit= comando per potenziare&l'evasione dell'intera squadra per una fase.;;
4064;19456;90;;Orders are special commands you can give out&as the squad leader. They can save your tail!;Gli ordini sono comandi speciali che puoi impartire come&caposquadra. Possono salvarti la coda!;;
4080;19552;101;;It doesn't take a genius to see that levelin' up&your soldiers is the best way to beef up your squad.;Non ci vuole un genio per vedere che sta salendo di livello&i tuoi soldati > il modo migliore per rinforzare la tua squadra.;;
4096;19660;84;;The soldiers will get stronger, and you just might&unlock new potentials and orders.;I soldati diventeranno piu' forti e potresti sbloccare&nuovi potenziali e ordini.;;
4112;19752;60;;All that,&just from me workin' you sorry bums into the dirt!;Tutto questo, e solo perch< vi ho ridotto in polvere, dei&miseri barboni!;;
4128;19820;82;;I just hope you maggots are ready for a REAL&workout the next time I see you here!;Spero solo che voi vermi siate pronti per un VERO&allenamento la prossima volta che vi vedo qui!;;
4144;19908;41;;Welcome to your worst nightmare, maggots!;Benvenuti nel vostro peggior incubo, vermi!;;
4160;19956;41;;Come back any time you're ready to sweat!;Tornate quando volete, quando volete sudare!;;
4176;20004;93;;Congratulations. You soldiers worked long and hard&to become what you are today: true elites.;Congratulazioni. Voi soldati avete lavorato a lungo e&duramente per diventare cio' che siete oggi: vere <lite.;;
4192;20104;94;;As Gallia's finest, you're all fit to be called heroes.&Her Highness even has a medal for you.;Essendo i migliori della Gallia, siete tutti degni di essere chiamati eroi.&Sua Altezza ha perfino una medaglia per te.;;
4208;20204;95;;Lieutenant Gunther, you shared in your soldiers' struggles.&Now you've brought up a fine squad.;Tenente Gunther, hai condiviso le lotte dei tuoi soldati e&ora hai formato una squadra eccellente.;;
4224;20304;86;;I tell ya, you're one fast learner.&You've mastered a lot of what it takes to command.;Ti dico, impari in fretta e hai imparato molte delle cose&necessarie per comandare.;;
4240;20396;85;;I take no small amount of pride in having&trained you soldiers these last few months.;Sono molto orgoglioso di avervi avuto e addestrato,&soldati, in questi ultimi mesi.;;
4256;20488;89;;Now I join the rest of Gallia in asking you&all to go out there and fight for our future.;Ora mi unisco al resto della Gallia nel chiedere a tutti&voi di scendere in campo e combattere per il nostro futuro.;;
4272;20584;87;;Unlike the rest of Gallia, I've seen what&you soldiers can do. I will be sleeping easy.;A differenza del resto della Gallia, ho visto cosa sapete&fare voi soldati. Dormiro' sonni tranquilli.;;
4288;20676;60;;All glory be to Gallia!&May the Valkyrur keep you, soldiers!;Tutta la gloria alla Gallia! E che le Valchirie vi&proteggano, soldati!;;
4304;20744;86;;And know that if you do lose out there,&I'll be waitin' here to kick your sorry tails!;E sappi che se dovessi perdere, io saro' qui ad aspettarti&per darti una bella lezione!;;
4320;20836;79;;You soldiers have no more business here.&Get out there and make some headlines.;Voi soldati non avete piu' niente a che fare qui. Uscite e&fate notizia.;;
4336;20920;73;;What, are you pansies missin' me?&Here to train for old times' sake? Eh?!;Cosa, vi manco, femminucce? E siete qui per allenarvi in&memoria dei vecchi tempi? Eh?!;;
4352;21000;90;;I hear good things, soldiers! Very good things!&Keep fightin' the good fight. I'll see ya!;Ho sentito cose belle, soldati! Ottime cose! E continuate&a combattere la buona battaglia. Ci vediamo!;;
4368;21096;36;;Train all you want! I got allll day!;Allenati quanto vuoi! Ho tutto il giorno!;;
4384;21140;34;;Bite the bullet! No pain, no gain!;Stringi forte il pugno! Niente dolore, niente guadagno!;;
4400;21180;44;;I got no use for tears! Sweat, sweat, sweat!;Non ho bisogno delle lacrime! Sudore, sudore, sudore!;;
4416;21232;43;;You're better than this! Push those limits!;Sei meglio di cosi! Supera quei limiti!;;
4432;21280;53;;Good work, maggots!&You're one level closer to human!;Bel lavoro, vermi! Siete un passo piu' vicini all'essere&umano!;;
4448;21340;70;;Looks like that session beat a new potential&out of the shocktroopers!;Sembra che quella sessione abbia battuto un nuovo&potenziale tra gli Shocktroopers!;;
4464;21416;63;;Looks like that session beat a new potential&out of the scouts!;Sembra che quella sessione abbia battuto un nuovo&potenziale tra gli scout!;;
4480;21484;64;;Looks like that session beat a new potential&out of the lancers!;Sembra che quella sessione abbia battuto un nuovo&potenziale dei Lancieri!;;
4496;21556;66;;Looks like that session beat a new potential&out of the engineers!;Sembra che quella sessione abbia dato il via a un nuovo&potenziale per gli ingegneri!;;
4512;21628;64;;Looks like that session beat a new potential&out of the snipers!;Sembra che quella sessione abbia battuto un nuovo&potenziale tra i cecchini!;;
4528;21700;60;;Congratulations, shocktroopers!&As of today, you are Elites!;Congratulazioni, soldati d'assalto! Da oggi siete Elite!;;
4544;21768;39;;That means clearance for flamethrowers!;Cio' significa che > consentito l'uso dei lanciafiamme!;;
4560;21812;53;;Congratulations, scouts!&As of today, you are Elites!;Congratulazioni, scout! Da oggi siete Elite!;;
4576;21872;40;;That means clearance for rifle grenades!;Cio' significa che > consentito l'uso delle granate da&fucile!;;
4592;21920;54;;Congratulations, lancers!&As of today, you are Elites!;Congratulazioni, lancieri! Da oggi siete Elite!;;
4608;21980;56;;Congratulations, engineers!&As of today, you are Elites!;Congratulazioni, ingegneri! Da oggi siete Elite!;;
4624;22044;40;;That means clearance for rifle grenades!;Cio' significa che > consentito l'uso delle granate da&fucile!;;
4640;22092;54;;Congratulations, snipers!&As of today, you are Elites!;Congratulazioni, cecchini! Da oggi siete Elite!;;
4656;22152;76;;Okay, you've earned clearance for a new order!&Put it to good use out there!;Bene, hai ottenuto l'autorizzazione per un nuovo ordine!&Mettila a frutto!;;
4672;22236;43;;Welcome to R&D, man.&What can I do you for?;Benvenuto in R&S, amico. Cosa posso fare per te?;;
4688;22284;70;;Huh? Wait, I know that insignia!&You're Lieutenant Gunther, aren't ya?;Cosa? Aspetta, conosco quell'insegna! E tu sei il tenente&Gunther, non > vero?;;
4704;22360;79;;I knew it! Man, I've heard about you!&That evacuation at Bruhl was just... WOW!;Lo sapevo! Cavolo, ho sentito parlare di&te!&Quell'evacuazione a Bruhl > stata semplicemente... WOW!;;
4720;22444;74;;Protecting a tiny life in the middle of&all that slaughter... Man... MAN! ;Proteggere una piccola vita in mezzo a tutto quel&massacro... Cavolo... CAVOLO!;;
4736;22524;74;;Lieutenant, you're good people!&You get all my respect and then some, bro!;Tenente, siete delle brave persone! E avete tutto il mio&rispetto e anche di piu', fratello!;;
4752;22604;71;;What's going on, Leon?&I could hear you from clear across the hangar...;Cosa sta succedendo, Leon? Ti sentivo dall'altra parte&dell'hangar...;;
4768;22680;65;;Oh! KC, check it out!&It's Lieutenant Gunther! He's the MAN, man!;Oh! KC, guarda! E' il tenente Gunther! E' l'UOMO, amico!;;
4784;22752;76;;Ha ha! Sorry about him, Lieutenant.&He's like this all the time, I'm afraid.;Ah ah! Mi dispiace per lui, Tenente. E' sempre cosi, temo.;;
4800;22836;77;;But where are my manners? I'm Kreis Czherny.&I'm training here as a mechanic.;Ma dove sono le mie buone maniere? Sono Kreis Czherny e mi&sto formando qui come meccanico.;;
4816;22920;71;;Oh! Oh! And I'm Leon Schmidt, but just call me Leon, bro!&I'm your boy!;Oh! Oh! E io sono Leon Schmidt, ma chiamami semplicemente&Leon, amico! E sono il tuo ragazzo!;;
4832;22996;58;;So, Lieutenant Gunther, what brings you down to R&D today?;Quindi, tenente Gunther, cosa la spinge oggi a lavorare&nel settore R&S?;;
4848;23060;78;;We do work here on weapons development,&making upgraded weapons and equipment.;Qui lavoriamo allo sviluppo di armi e alla realizzazione&di armi ed equipaggiamenti migliorati.;;
4864;23144;73;;And that includes rifles and machine guns.&We can even soup up your tank!;E questo include fucili e mitragliatrici. Possiamo persino&potenziare il tuo carro armato!;;
4880;23224;44;;Of course, research expenses aren't cheap...;Naturalmente, le spese per la ricerca non sono&economiche...;;
4896;23276;83;;With rifles and other firearms,&we'll mass-produce new models as they're developed.;Con fucili e altre armi da fuoco,&produrremo in serie i nuovi modelli man mano che saranno sviluppati.;;
4912;23364;78;;You won't have to worry about making&enough for your squad. We'll outfit them.;Non dovrai preoccuparti di fare abbastanza per la tua&squadra. Noi li equipaggeremo.;;
4928;23448;71;;For tanks, you can upgrade the baseline&performance of the body itself,;Per i carri armati, puoi migliorare la linea di base e le&prestazioni del corpo stesso,;;
4944;23524;69;;or develop optional parts that you can add&on to tweak out its specs!;oppure sviluppa parti opzionali che puoi aggiungere per&migliorarne le specifiche!;;
4960;23600;82;;Right, you can choose which optional parts&you want in the Tank Equipment section.;Giusto, puoi scegliere quali parti opzionali desideri&nella sezione Equipaggiamento del carro armato.;;
4976;23688;82;;Come in any time and make adjustments based&on the needs of the operation at hand.;Intervenite in qualsiasi momento e apportate modifiche in&base alle esigenze dell'operazione in questione.;;
4992;23776;28;;Well, sir? Was that helpful?;Bene, signore? E' stato utile?;;
5008;23812;88;;We're working here around the clock to make&possible tomorrow what's out of reach today.;Lavoriamo 24 ore su 24 per rendere possibile domani cio'&che oggi > irraggiungibile.;;
5024;23908;86;;Come again a little later. We'll do our best&to have something useful for you by then.;Tornate un po' piu' tardi. Faremo del nostro meglio per&avere qualcosa di utile per voi entro allora.;;
5040;24000;83;;Yeah, you'd better come back soon, bro!&I am all fired up to work on stuff for you!;Si, faresti meglio a tornare presto, amico! E io non vedo&l'ora di lavorare su qualcosa per te!;;
5056;24088;64;;Welkin, bro! I'm stoked you're here, man!&What can I do you for?;Ciao, fratello! Sono felice che tu sia qui, amico! Cosa&posso fare per te?;;
5072;24160;35;;Sorry, bro... Just not there yet...;Scusa, fratello... Non ci sono ancora arrivato...;;
5088;24200;26;;Here ya go, bro! All done!;Ecco qua, fratello! Tutto fatto!;;
5104;24232;41;;Phew, it's done! This one's perfect, bro!;Uff, > fatto! Questo > perfetto, fratello!;;
5120;24280;31;;All set for ya, bro! It's done!;Tutto pronto per te, fratello! Fatto!;;
5136;24316;42;;Come back again soon, bro!&I mean it, man!;Torna presto, amico! E lo dico sul serio, amico!;;
5152;24364;768;; &          About Outfitting Tanks& &Development work on tanks happens in the&form of body enhancements, tread and weak&point improvements, and attack support.&Body enhancements mostly reinforce the gun&barrel and body armor to improve its base&stats.&Tanks will automatically be given&the best body type you have developed.& &You decide whether to favor attack or&defense, and altering body types gives your&tank a different outward appearance.&Improvements to the treads and weak point&and attack support take the form of parts&that can be added to tanks to enhance&their abilities.&Each part has a set size in blocks.& &You decide how to fill the 4x3&block storage capacity in the Edelweiss.& &Pick the optional parts that best fit your&own personal combat style.& ;&Informazioni sull'equipaggiamento dei carri armati&&Il lavoro di sviluppo sui carri armati avviene nel&forma di miglioramenti del corpo, battistrada e debole&miglioramenti dei punti e supporto degli attacchi.&I miglioramenti del corpo rinforzano principalmente la pistola&canna e armatura per migliorare la sua base&statistiche.&I carri armati saranno forniti automaticamente&il miglior tipo di corpo che hai sviluppato.&&Decidi tu se favorire l'attacco o&difesa e modificando i tipi di corpo fornisce il tuo&serbatoio un aspetto esteriore diverso.&Miglioramenti ai battistrada e punto debole&e il supporto all'attacco assumono la forma di parti&che puo' essere aggiunto ai carri armati per migliorare&le loro capacit=.&Ogni parte ha una dimensione definita in blocchi.&&Decidi tu come riempire il 4x3&capacit= di stoccaggio a blocchi nell'Edelweiss.&&Scegli le parti opzionali piu' adatte al tuo&il proprio stile di combattimento personale.&;;
5168;25140;34;;Heyyy, Lieutenant! Off duty today?;Ehiiii, Tenente! Oggi sei fuori servizio?;;
5184;25180;94;;Your timing's perfect! There's something I want to show you.&Won't take but a minute. Come on!;Il tuo tempismo > perfetto! C'> qualcosa che voglio&mostrarti. Non ci vorr= piu' di un minuto. Forza!;;
5200;25280;76;;Ta daaa! It's the Writing on the Wall,&written and published by yours truly!;Ta daaa! E' la Scrittura sul Muro, scritta e pubblicata dal&sottoscritto!;;
5216;25364;63;;Hmm? Why do this when I already have a radio news gig,&you say?;Hmm? Perch< fare questo quando ho gi= un incarico da&giornalista radiofonico, dici?;;
5232;25432;110;;Sure, I could leave it up to the print news guys, but&they're all lap dogs. The government censors everything.;Certo, potrei lasciarlo ai giornalisti della carta&stampata, ma&sono tutti cagnolini. Il governo censura tutto.;Bien sur, je pourrais laisser imprimer ca = la presse, mais&;ce sont tous des l>ches bottes.Le gouvernement censure tout.
5248;25548;114;;And not just a little cut here and there. In some cases,&they'll bend the harsh truth into candy-sweet propaganda.;E non solo un piccolo taglio qua e l=. In alcuni casi,&trasformeranno la dura verit= in una propaganda dolciastra.;Et pas seulement une petite coupure ici et l=. Dans certains;&cas, ils vont plier la dure v<rit< en propagande mielleuse.
5264;25668;91;;I'm sooo sick of it. I want to give my readers the truth!&That includes the bad stuff, too.;Ne sono cosi stufa. Voglio dire ai miei lettori la verit=!&E questo include anche le cose brutte.;Je suis tellement malade de cela. Je veux donner = mes&lecte;lecteurs la v<rit<! Cela inclut les mauvaises choses, aussi.
5280;25764;54;;So this is my brilliant plan! The Writing on the Wall.;Quindi questo > il mio piano geniale! La scrittura sul&muro.;Donc, c'est mon plan g<nial! Les Nouvelles sur le Mur.;Donc, c'est mon plan g<nial! Les Nouvelles sur le Mur.
5296;25824;106;;Some things are only possible in out-of-the-way spots&like this, out of sight from those government goons.;Alcune cose sono possibili solo in posti appartati, come&questo, lontano dagli occhi di quegli scagnozzi del governo.;Certaines choses ne sont possibles que dans des endroits =&l;s =&l'<cart, hors de vue des hommes de main du gouvernement.
5312;25936;84;;I'll keep this space filled with up-to-date,&absolutely factual info. No censorship!;Terro' questo spazio pieno di informazioni aggiornate e&assolutamente fattuali. Nessuna censura!;;
5328;26028;92;;And your exploits will feature heavily, I'm sure!&So yeah, come by and have a read sometime!;E le tue imprese saranno ampiamente pubblicizzate, ne sono certo!&Quindi si, passate a trovarci e date un'occhiata!;;
5344;26128;24;;And while you're here...;E mentre sei qui...;;
5360;26160;85;;I want to put a book out someday, right?&To put the truth in the hands of the people!;Un giorno vorrei pubblicare un libro, giusto? E mettere la&verit= nelle mani della gente!;;
5376;26252;94;;But I'm just a radio news grunt, you know?&I'll be paying for everything out of my own pocket.;Ma io sono solo un tizio che lavora in un notiziario&radiofonico, capisci? E paghero' tutto di tasca mia.;;
5392;26352;103;;Sooo, I figured I'd ask you. Think you could find it in&your wallet's heart to help a girl get started?;Allora, ho pensato di chiedertelo. Penso che potresti trovarlo in&il cuore del tuo portafoglio per aiutare una ragazza a iniziare?;;
5408;26460;74;;I'd make it worth your while! &You guys could feature in the book I write!;Ne varrebbe la pena! E potreste comparire nel libro che&scrivo!;;
5424;26540;91;;I still haven't decided what all I want to put in it,&but I promise it'll be all about you!;Non ho ancora deciso cosa voglio metterci dentro, ma ti&prometto che sar= tutto incentrato su di te!;;
5440;26636;64;;See this fat stack of notes?&I've got a ton of material already!;Vedete questa pila di appunti? Ho gi= un sacco di&materiale!;;
5456;26708;90;;So, how about it? Call it an investment in the future&rising star of authordom! Pleeease?!;Allora, che ne dite? Chiamatelo un investimento nel futuro &e nella stella nascente del mondo degli autori! Per favore?!;;
5472;26804;82;;I plan on putting out new editions periodically,&so drop by to check it out often.;Ho intenzione di pubblicare periodicamente nuove edizioni,&quindi passate a trovarmi spesso per dargli un'occhiata.;;
5488;26892;98;;Especially after you've made some headlines on the&battlefield. That's the perfect time to strike!;Soprattutto dopo aver fatto notizia sul campo di&battaglia. E' il momento perfetto per colpire!;;
5504;26996;92;;I'm counting on you out there, Welkin! &You need to keep me supplied with exciting material!;Conto su di te, Welkin! E devi tenermi rifornito di&materiale entusiasmante!;;
5520;27096;70;;Heyyy! Dropping by to read the Writing on the Wall?&That's a good man!;"Ehiiii! Passi a leggere ""La scrittura sul muro""? E questo&> un bravo uomo!";;
5536;27172;103;;Oh, and how about the new rising star of Squad 7, huh?&I've heard some wild stories! You must be proud.;Oh, e che mi dici della nuova stella nascente della Squadra 7?&Ho sentito delle storie incredibili! Devi esserne orgoglioso.;;
5552;27280;104;;I couldn't help but snipe 'em with a pop interview!&You'll have to read it once I get it all drafted up!;Non ho potuto fare a meno di criticarli con un'intervista pop!&Dovrai leggerlo non appena avro' finito di scrivere la bozza!;;
5568;27392;69;;So... Come to make a donation to the Get Ellet's Name&On A Book Fund?;Allora... vuoi fare una donazione al fondo Get Ellet's&Name&On A Book?;;
5584;27468;27;;Ha ha ha! Thanks a million!;Ah ah ah! Grazie mille!;;
5600;27500;35;;Ta dada daa!&I've got new material!;Ta dada daa!&Ho nuovo materiale!;;
5616;27540;78;;Come back and see the Writing on the Wall again soon!&I'll be waiting for you!;"Tornate presto a vedere di nuovo ""La Scrittura sul Muro""!&Vi aspetto!";;
5632;27624;363;;In an interview given on the 8th, a spokesman&for the central Gallian armed forces suggested&a massive anti-Imperial counterstrike brewing.&Should this come to pass, all eyes will be on&how a force that has thus far specialized in&retreat can stem the Imperial incursion that&claimed most of Gallia by last month's end&and now stands before the gates of Randgriz.;In un'intervista rilasciata l'8, un portavoce&per le forze armate centrali della Gallia suggerite&si sta preparando un massiccio contrattacco anti-imperiale.&Se cio' dovesse accadere, tutti gli occhi saranno puntati su&come una forza che finora si > specializzata in&la ritirata puo' arginare l'incursione imperiale che&ha rivendicato la maggior parte della Gallia entro la fine del mese scorso&e ora si trova davanti alle porte di Randgriz.;;
5648;27992;301;;It seems the militia will join the army proper&on this bid to free the capital from a siege,&a fear that has persisted for weeks now. Some&suggest that this move is due to the army's&desire to conserve its own manpower for combat&within the city's walls, a very real&possibility should this plan fail.;Sembra che la milizia si unir= all'esercito vero e proprio&in questo tentativo di liberare la capitale dall'assedio,&una paura che persiste ormai da settimane. Alcuni&suggeriscono che questa mossa sia dovuta all'esercito&desiderio di conservare la propria forza lavoro per il combattimento&all'interno delle mura della citt=, un vero e proprio&possibilit= qualora questo piano fallisse.;;
5664;28300;363;;The Empire-owned and run Tares news outlet&reported on the 6th that Imperial forces have&claimed the coastal Federation city of Valua.&If true, the Empire would now hold a supply&route for ragnite transit, greatly influencing&their standing in southern Europa. Unlike the&northern provinces, Europa's south lacks for&ragnite, meaning that supplies must be shipped;L'agenzia di stampa Tares, di propriet= e gestita dall'Impero&ha riferito il 6 che le forze imperiali hanno&rivendico' la citt= costiera di Valua, nella Federazione.&Se fosse vero, l'Impero ora avrebbe una scorta&percorso per il transito della ragnite, influenzando notevolmente&la loro posizione nell'Europa meridionale. A differenza del&province settentrionali, il sud dell'Europa > carente per&ragnite, il che significa che le forniture devono essere spedite;;
5680;28668;302;;in from elsewhere to sustain the Empire's&offensive. The Empire's hold on Europa's&southern coast means expansion of the conflict&to all areas of the continent is more likely&now than ever before. The Federation has yet&to issue a statement regarding the Empire's&alleged seizure of Valua at this time.;da altrove per sostenere l'Impero&offensivo. La presa dell'Impero su Europa&la costa meridionale significa espansione del conflitto&a tutte le aree del continente > piu' probabile&ora piu' che mai. La Federazione ha ancora&per rilasciare una dichiarazione riguardante l'Impero&presunto sequestro di Valua in quel periodo.;;
5696;28976;347;;Gallia's militia brings home the glory! As the&first operation in what is likely a full-scale&counteroffensive, the 3rd Regiment reclaimed&the Great Vasel Bridge, a vital trade artery,&after rousting the Empire's local defenses on&the 14th. This officially frees Randgriz from&the need to seal its walls.&Rather than assail the Empire's bridgehead;La milizia della Gallia porta a casa la gloria! Mentre il&prima operazione in quella che > probabilmente una vera e propria operazione su vasta scala&controffensiva, il 3� Reggimento si riprese&il ponte Great Vasel, un'arteria commerciale vitale,&dopo aver smantellato le difese locali dell'Impero&il 14. Questo libera ufficialmente Randgriz da&la necessit= di sigillarne le pareti.&Invece di assalire la testa di ponte dell'Impero;;
5712;29328;363;;barricade, the militia opted to swim a tank&across the river and attack from the rear, an&unconventional strategy to say the least. The&drawbridge was then opened, dumping the rest&of the defensive force into the drink. The man&behind this bold plan, Welkin Gunther (22), is&none other than the son of EWI hero Belgen&Gunther. This acorn hasn't fallen far at all.;barricata, la milizia ha optato per il bagno con un carro armato&attraverso il fiume e attaccare da dietro, un&strategia non convenzionale per usare un eufemismo. La&il ponte levatoio venne quindi aperto, scaricando il resto&della forza difensiva nel drink. L'uomo&dietro questo audace piano c'> Welkin Gunther (22)&nientemeno che il figlio dell'eroe EWI Belgen&Gunther. Questa ghianda non > caduta molto lontano.;;
5728;29696;355;;On the 20th, the Gallian forces in the north&announced their retreat from the area. Though&no details were given, the Imperial takeover&of Fouzen, keystone among the north Gallian&industrial cities, is likely a chief cause.&The capture of Fouzen, a center for Gallia's&ragnite, steel and oil refineries, struck a&massive blow to the nation's productivity.;Il 20, le forze galliche a nord&hanno annunciato il loro ritiro dalla zona. Sebbene&non sono stati forniti dettagli sull'acquisizione da parte dell'Imperial&di Fouzen, pietra angolare tra i Galli del nord&le citt= industriali sono probabilmente la causa principale.&La cattura di Fouzen, un centro per la Gallia&raffinerie di ragnite, acciaio e petrolio, hanno colpito un&duro colpo alla produttivit= della nazione.;;
5744;30056;205;;Though the meeting among Gallian army leaders,&held the day word of Fouzen's fall arrived,&lasted well into the night, no official word&has yet been issued as to a specific plan for&liberation of the city.;Sebbene l'incontro tra i capi dell'esercito gallico,&tenutosi il giorno in cui arrivo' la notizia della caduta di Fouzen,&> durato fino a notte fonda, nessuna parola ufficiale&non > ancora stato rilasciato un piano specifico per&liberazione della citt=.;;
5760;30268;359;;The militia's 3rd Regiment, partner in our&ongoing war correspondence, was successful in&seizing the Empire's supply base in the Kloden&wildwood despite interference from Empire ace&Gen. Radi Jaeger. This new victory, coming on&the heels of their Vasel win last month that&pushed the invasion back to central Gallia,&has all of Randgriz singing their praises.;Il 3� reggimento della milizia, partner del nostro&corrispondenza di guerra in corso, ebbe successo in&sequestrando la base di rifornimento dell'Impero nel Kloden&Wildwood nonostante l'interferenza dell'asso dell'Impero&Gen. Radi Jaeger. Questa nuova vittoria, in arrivo&i talloni della loro vittoria al Vasel il mese scorso che&respinse l'invasione nella Gallia centrale,&ha fatto si che tutti i Randgriz ne cantassero le lodi.;;
5776;30632;297;;Losing the Kloden base was no doubt a severe&blow to the Imperial force looking to regain&some of that lost ground, which is good news&to Gallians everywhere. It's anyone's guess&where the militia will crop up next, but their&efforts so far make one thing clear: these men&and women mean business.;La perdita della base di Kloden > stata senza dubbio una grave&colpo alla forza imperiale che cerca di riconquistare&parte di quel terreno perso, il che > una buona notizia&ai Galliani ovunque. E' un'ipotesi di chiunque&dove la milizia apparir= dopo, ma la loro&Gli sforzi compiuti finora hanno chiarito una cosa: questi uomini&e le donne fanno sul serio.;;
5792;30936;345;;The government issued a second wave of drafts&among Gallians for the militia on the 8th.&Expected since the Empire's formal declaration&of war last month, this draft was likely made&inevitable by the recent series of losses in&the east and north. The draft will target&males, aged 30 to 45, selected based on&qualifications and their impact upon;Il governo ha emesso una seconda ondata di bozze&tra i Galli per la milizia l'8.&Previsto dalla dichiarazione formale dell'Impero&della guerra il mese scorso, questa bozza > stata probabilmente fatta&inevitabile dalla recente serie di perdite in&l'est e il nord. La bozza avr= come obiettivo&maschi, di et= compresa tra 30 e 45 anni, selezionati in base a&qualifiche e il loro impatto su;;
5808;31288;220;;Gallia's normal function. The militia is also&accepting volunteers from those not included&in the second draft, but many worry about the&economic strain that further losses to the&commerce and industry sector may impose.;La normale funzione della Gallia. La milizia > anche&accettare volontari da coloro che non sono inclusi&nella seconda bozza, ma molti si preoccupano del&tensione economica che comporta ulteriori perdite per l'&il settore del commercio e dell'industria puo' imporre.;;
5824;31516;361;;Central Gallian command reported on the 15th&that the militia had encountered and routed a&contingent of Imperials stationed in Barious,&the culmination of a clandestine investigation&into reported Imperial activity in the area.&The badlands' topography is poorly suited to&combat maneuvers and the region holds little&to no strategic value, making the Empire's;Il comando centrale della Gallia ha riferito il 15&che la milizia aveva incontrato e messo in rotta un&contingente di Imperiali di stanza a Barious,&il culmine di un'indagine clandestina&sulle segnalazioni di attivit= imperiali nella zona.&La topografia delle badlands non > adatta a&manovre di combattimento e la regione detiene poco&senza alcun valore strategico, rendendo l'Impero;;
5840;31884;183;;goal there unclear. One theory suggests that&the desert region is home to an as-yet-unmined&lode, and that Imperial forces were stationed&there for the purpose of ragnite speculation.;obiettivo non > chiaro. Una teoria suggerisce che&la regione desertica ospita un giacimento ancora non sfruttato&lode, e che le forze imperiali erano di stanza&li per fare delle speculazioni sulla ragnite.;;
5856;32072;344;;During a press session on the 10th, Gallian&Prime Minister Borg called for talks with&Federation Ambassador Townshend, slated to&visit Gallia at the end of the month.&In light of the increasingly complex conflict&between the Federation and Empire, however,&many suspect the Federation views this as a&chance to acquire Gallia for its resources.;Nel corso di una conferenza stampa tenutasi il 10, Gallian&Il primo ministro Borg ha chiesto colloqui con&L'ambasciatore della Federazione Townshend, previsto per&visitare la Gallia alla fine del mese.&Alla luce del conflitto sempre piu' complesso&tra la Federazione e l'Impero, tuttavia,&molti sospettano che la Federazione consideri questo come un&possibilit= di acquisire la Gallia per le sue risorse.;;
5872;32424;340;;"This announcement has been met with vehement&opposition from members of the Parliament with&strong ties to the former Imperial cartels.&Ambassador Townshend responded to the invite&in a public address, stating that he ""firmly&believes that joining hands to thwart the&Empire's hubristic ambitions is essential to&assuring peace for Europa.""";"Questo annuncio > stato accolto con veemente&opposizione dei membri del Parlamento con&forti legami con gli ex cartelli imperiali.&L'ambasciatore Townshend ha risposto all'invito&in un discorso pubblico, affermando che ""fermamente&crede che unire le forze per contrastare il&Le ambizioni arroganti dell'Impero sono essenziali per&assicurando la pace per Europa.""";;
5888;32772;353;;Central Gallian command reports that a recent&chance encounter with Maximilian, Imperial&commander of the Gallian invasion, near the&ruins in central Barious ended in the&Empire's defeat and retreat from the badlands.&Speaking with one Gallian soldier who fought&in the desert operation revealed a shocking&eyewitness account of one female soldier among;Il comando centrale di Gallian riferisce che un recente&incontro casuale con Maximilian, Imperiale&comandante dell'invasione gallica, vicino al&le rovine nel centro di Barious terminarono nel&La sconfitta dell'Impero e la ritirata dalle terre desolate.&Parlando con un soldato galliano che ha combattuto&nell'operazione nel deserto > emersa una notizia scioccante&testimonianza oculare di una soldatessa tra;;
5904;33132;364;;the Empire's army batting a tank shell out of&the air by brute force. Army doctors looked&into the possibility of combat stress-induced&hallucination, but several other testimonies&have arisen to corroborate this wild account.&Other reports suggest she resembled one of the&Valkyrur of legend, while the Gallian Army has&issued no official statement on the matter.;l'esercito dell'Impero che spara un proiettile di carro armato&l'aria con la forza bruta. I dottori dell'esercito guardavano&nella possibilit= di combattere lo stress indotto&allucinazione, ma anche altre testimonianze&sono sorti per corroborare questo resoconto bizzarro.&Altri resoconti suggeriscono che assomigliasse a una delle&Valkyrur della leggenda, mentre l'esercito gallico ha&non ha rilasciato alcuna dichiarazione ufficiale in merito.;;
5920;33504;366;;Chief Valence of the Gallian Geological Survey&reported recent discoveries of three new lodes&of ragnite amid the southeastern mountains.&Imperial capture of the key cities in ragnite-&rich northern Gallia has meant a steady drain&on domestic productivity. Paired with a rising&demand for ragnite for military uses, scarcity&of the ore has become a critical problem.;Capo Valence del Gallian Geological Survey&segnalate recenti scoperte di tre nuovi filoni&di ragnite tra le montagne del sud-est.&Cattura imperiale delle citt= chiave in ragnite-&la ricca Gallia settentrionale ha significato un drenaggio costante&sulla produttivit= interna. Abbinato a un aumento&domanda di ragnite per usi militari, scarsit=&del minerale > diventato un problema critico.;;
5936;33876;269;;"At the latest Survey meeting, Chief Valence&stated that the new discovery would ""likely&go a long way toward filling the vacuum that&has hounded the Gallian energy supply of late.""&Investigations into the size and quality of&the newly found lode are currently underway.";"All'ultima riunione del Survey, il capo Valence&ha affermato che la nuova scoperta ""probabilmente&contribuire notevolmente a colmare il vuoto che&ha recentemente perseguitato la fornitura energetica galliana.""&Indagini sulla dimensione e sulla qualit= di&la nuova vena scoperta > attualmente in corso.";;
5952;34152;363;;After months of deadlock, the southern Gallian&force broke through the defenses at Norville&on the 14th. Built along a natural wall of&thick forest, the enemy encampment had managed&to resist all prior advances. According to the&official report, Regiment 10 of Gallia's Army&was responsible for this victory, but our on-&site correspondent calls it a militia win.;Dopo mesi di stallo, il sud della Gallia&la forza ha sfondato le difese a Norville&il 14. Costruito lungo una parete naturale di&fitta foresta, l'accampamento nemico era riuscito&per resistere a tutti i progressi precedenti. Secondo il&rapporto ufficiale, Reggimento 10 dell'esercito della Gallia&> stato responsabile di questa vittoria, ma il nostro&Il corrispondente del sito la definisce una vittoria della milizia.;;
5968;34520;364;;En route back from their operation at Barious,&Squad 7 of the militia's 3rd Regiment met with&a surprise attack from the Imperial defenses&at Norville and engaged the enemy in combat.&Squad 7's brilliant efforts created a crack in&the Empire's defense that Army Regiment 10 was&able to exploit in a swift blitz, breaking the&Norville defensive line apart for good.;Sulla via del ritorno dalla loro operazione a Barious,&La squadra 7 del 3� reggimento della milizia si > incontrata con&un attacco a sorpresa delle difese imperiali&a Norville e attacco' il nemico in combattimento.&Gli sforzi brillanti della Squadra 7 hanno creato una crepa in&la difesa dell'Impero che il Reggimento dell'Esercito 10 era&in grado di sfruttare in un rapido blitz, rompendo il&La linea difensiva del Norville si > separata definitivamente.;;
5984;34892;346;;An EGP release issued on the 20th announced&that the Glory of Speed (GOS), Europa's top&motor race, has been called off for the year.&This marks the first such cancellation in the&event's 24-year history, likely the result of&difficulties in hosting an international race&of this scale amid the worsening conflicts&unfolding across the continent.;Un comunicato EGP emesso il 20 ha annunciato&che la Gloria della Velocit= (GOS), la piu' alta di Europa&gara automobilistica, > stata annullata per quest'anno.&Questa > la prima cancellazione del genere nel&la storia di 24 anni dell'evento, probabilmente il risultato di&difficolt= nell'ospitare una gara internazionale&di questa portata in mezzo al peggioramento dei conflitti&che si sta sviluppando in tutto il continente.;;
6000;35244;365;;The progress being made by automobile makers&today is largely drafted into military use,&and more than a few manufacturers have spurned&such public events for fear of trade (and by&extension, government) secrets being leaked,&further informing the decision to call off the&race. These explanations offer little solace,&though, to disappointed racers and their fans.;I progressi compiuti dalle case automobilistiche&oggi > in gran parte arruolato per uso militare,&e piu' di qualche produttore ha respinto&tali eventi pubblici per paura del commercio (e per&estensione, segreti governativi) trapelati,&informando ulteriormente la decisione di annullare l'&razza. Queste spiegazioni offrono poco conforto,&tuttavia, ai piloti delusi e ai loro fan.;;
6016;35616;370;;A Wall-exclusive scoop! Early morning on the&23rd, Princess Cordelia was abducted and taken&forcibly from the grounds of Castle Randgriz.&Subsequent investigation has shown the culprit&was Federation Ambassador Townshend, in Gallia&on an official visit. After a banquet at the&castle, he forced the princess into an armored&vehicle he had prepared and made for the port.;Uno scoop esclusivo di Wall! Di prima mattina sul&23, la principessa Cordelia > stata rapita e portata via&con la forza dai terreni del Castello Randgriz.&Le indagini successive hanno dimostrato il colpevole&era l'ambasciatore della Federazione Townshend, in Gallia&in visita ufficiale. Dopo un banchetto al&castello, costrinse la principessa a entrare in un carro armato&veicolo che aveva preparato e diretto al porto.;;
6032;35992;328;;Thankfully, his escape was thwarted by members&of Squad 7 of the Gallian militia, who safely&recovered Princess Cordelia in time.&The Gallian government has declined to address&this matter publicly, likely in an effort not&to endanger relations with the Federation&while Gallia remains locked in combat with the&Empire's forces.;Fortunatamente, la sua fuga > stata sventata dai membri&della Squadra 7 della milizia galliana, che > riuscita a salvarsi&recupero' in tempo la principessa Cordelia.&Il governo Gallian ha rifiutato di affrontare la questione&questa questione pubblicamente, probabilmente nel tentativo di non&per mettere a repentaglio i rapporti con la Federazione&mentre la Gallia rimane bloccata in combattimento con il&Le forze dell'Impero.;;
6048;36328;365;;Castle Randgriz's Audience Hall saw an award&ceremony on the 28th in which militia officer&Lieutenant Welkin Gunther (22) was presented&the prestigious Gallian Medal of Honor, given&to those who have gone above and beyond the&call of duty in service of Gallia's interests.&The unicorn-emblazoned medal was presented by&Princess Cordelia herself, who also graced the;La sala delle udienze del castello di Randgriz ha ricevuto un premio&cerimonia del 28 in cui l'ufficiale della milizia&Il tenente Welkin Gunther (22) > stato presentato&la prestigiosa medaglia d'onore Gallian, conferita&a coloro che sono andati oltre il limite&chiamata al dovere al servizio degli interessi della Gallia.&La medaglia con l'unicorno > stata presentata da&La principessa Cordelia stessa, che ha anche onorato la;;
6064;36700;357;;"young soldier with wishes for his continued&loyalty. After the ceremony, Gunther addressed&the press, saying that he hoped to ""do right&by this honor by becoming a better man and&officer,"" medal hung proudly around his neck.&The Gunther family has the rare distinction of&being among the first to receive this highest&of awards twice in as many generations.";"giovane soldato con auguri per la sua continuazione&lealt=. Dopo la cerimonia, Gunther si rivolse&la stampa, dicendo che sperava di ""fare la cosa giusta""&con questo onore diventando un uomo migliore e&ufficiale"", la medaglia gli pendeva orgogliosamente al collo.&La famiglia Gunther ha la rara distinzione di&essendo tra i primi a ricevere questo premio piu' alto&di premi il doppio in altrettante generazioni.";;
6080;37064;356;;On the 10th, central Gallian forces were&successful in freeing the northern industrial&cities from Imperial control. The Gallian Army&and militia worked in tandem to take Fouzen,&Dieseehl and Janluc back simultaneously.&Surviving members of the Empire's defense were&seen staging a mass retreat from the north as&the Gallian Army began its seek-and-destroy;Il 10, le forze centrali della Gallia furono&riuscito a liberare l'industria del nord&citt= dal controllo imperiale. L'esercito gallico&e la milizia lavorarono in tandem per prendere Fouzen,&Dieseehl e Janluc tornano contemporaneamente.&I membri sopravvissuti della difesa dell'Impero erano&visto organizzare una ritirata di massa dal nord come&l'esercito gallico inizio' la sua ricerca e distruzione;;
6096;37428;307;;mission, Operation White Steed. As they hunt&down those stragglers, northern Gallia is now&all but completely free of Imperial influence.&Just as the loss of the industrial centers had&meant a heavy drain on its finances, their&liberation is now expected to act as a shot&in the arm for the Gallian economy.;missione, Operazione White Steed. Mentre cacciano&giu' quei ritardatari, la Gallia settentrionale > ora&quasi completamente libero dall'influenza imperiale.&Cosi come la perdita dei centri industriali era&significava un pesante drenaggio delle sue finanze, il loro&la liberazione ora dovrebbe agire come un colpo&nel braccio per l'economia galliana.;;
6112;37740;342;;Books on the Valkyrian legend are selling in&record numbers of late, according to a recent&Gallian Literary Review survey, titles that&promise the truth behind the mystery of the&ancient tribe are enjoying special success.&The Valkyria myth has ties today to religion&and history alike and lends base material to&any number of popular novels.;I libri sulla leggenda delle Valchirie stanno vendendo&numeri record negli ultimi tempi, secondo un recente&Sondaggio della Gallian Literary Review, titoli che&promettere la verit= dietro il mistero del&le antiche tribu' stanno riscuotendo un successo particolare.&Il mito della Valkyrur ha legami oggi con la religione&e la storia allo stesso modo e fornisce materiale di base a&un certo numero di romanzi popolari.;;
6128;38088;361;;The reason for this sudden boom may well lie&in the uncertainties of a nation at war. One&poll recently confirms the common-sense notion&that in times of peril, people are more likely&to turn to religion to pray for salvation.&Recent claims of a Valkyria working for the&Imperial army, still believed spurious, are no&doubt also helping to push the trend along.;La ragione di questo boom improvviso potrebbe risiedere&nelle incertezze di una nazione in guerra. Uno&un sondaggio recente conferma la nozione di buon senso&che in tempi di pericolo, le persone hanno maggiori probabilit=&rivolgersi alla religione per pregare per la salvezza.&Recenti affermazioni di una Valkyria che lavora per l'&L'esercito imperiale, ancora ritenuto falso, non lo >&anche il dubbio contribuisce a spingere avanti la tendenza.;;
6144;38456;371;;After a heated struggle, the 3rd Regiment took&the sanguine shore of Marberry, the Empire's&final holding in northern Gallia. Surrounded&by sheer cliffs, Marberry is a natural citadel&that has proved impossible to fell in previous&bids staged by the Gallian Army. The militia's&strategy hinged upon a newly developed form of&smokescreen grenade to mask their approach and;Dopo una lotta accesa, il 3� reggimento prese&la costa sanguigna di Marberry, l'Impero&tenuta finale nella Gallia settentrionale. Circondato&dalle ripide scogliere, Marberry > una cittadella naturale&che si > dimostrato impossibile da abbattere in precedenza&offerte organizzate dall'esercito gallico. La milizia&strategia basata su una nuova forma di sviluppo&granata fumogena per mascherare il loro avvicinamento e;;
6160;38832;358;;baffle Imperial gunmen. The inventor of those&life-saving grenades, Corp. Isara Gunther (16),&was a tank pilot for Squad 7 and promised to&be one of Gallia's great minds in engineering&until Imperial fire at the end of this mission&claimed her life. Her loss is a blow to the&nation, and to her squad, who saw her buried&in the War Cemetery near the capital.;confondere i pistoleri imperiali. L'inventore di quelli&granate salvavita, Corp. Isara Gunther (16),&era un pilota di carri armati per la Squadra 7 e aveva promesso di&essere una delle grandi menti di Gallia nell'ingegneria&fino al fuoco imperiale alla fine di questa missione&ha reclamato la sua vita. La sua perdita > un duro colpo per la&nazione, e alla sua squadra, che l'ha vista sepolta&nel Cimitero di Guerra vicino alla capitale.;;
6176;39196;355;;As EWII continues to expand in intensity and&scale, the number of war orphans has climbed&to new record highs. According to a recent&study by EWORF (the Europan War Orphan Rescue&Fund, an NGO), the number of children who have&lost parents is rivaled only by the number who &have lost access to educational facilities &despite an expressed desire to learn.;Mentre l'EWII continua ad espandersi in intensit= e&scala, il numero degli orfani di guerra > aumentato&a nuovi massimi record. Secondo un recente&studio di EWORF (Europan War Orphan Rescue)&Fondo, una ONG), il numero di bambini che hanno&il numero dei genitori perduti > paragonabile solo al numero di coloro che&hanno perso l'accesso alle strutture educative&nonostante il desiderio espresso di imparare.;;
6192;39556;365;;Gallia is no exception to this continent-wide&trend, though its Parliament voiced plans for&securing basic education and job training in a&recent session. EWORF has approached leaders&from each of Europa's nations, calling for the&establishment not just of orphanages, but of a&full infrastructure to support these children&as they grow into self-supporting adults.;La Gallia non fa eccezione a questa regola continentale&tendenza, sebbene il suo Parlamento abbia espresso piani per&garantire l'istruzione di base e la formazione professionale in un&sessione recente. EWORF ha contattato i leader&da ciascuna delle nazioni d'Europa, chiedendo la&istituzione non solo di orfanotrofi, ma di un&infrastrutture complete per supportare questi bambini&man mano che crescono e diventano adulti autonomi.;;
6208;39928;361;;A recent release from Gallia's central forces&confirmed that the border town of Bruhl was&successfully taken from Imperial control.&The armies of Gallia and the Empire now stand&face-to-face along the massive Naggiar plains,&braced for a direct and all-out clash. Bruhl&represents a key Imperial supply route, making&this militia win one with repercussions that;Una recente liberazione delle forze centrali della Gallia&confermato che la citt= di confine di Bruhl era&sottratto con successo al controllo imperiale.&Gli eserciti della Gallia e dell'Impero ora si ergono&faccia a faccia lungo le enormi pianure di Naggiar,&preparati per uno scontro diretto e totale. Bruhl&rappresenta una via di rifornimento imperiale chiave, rendendo&questa milizia ne vince una con ripercussioni che;;
6224;40296;308;;extend far beyond this small border town.&In a remarkable coincidence, the officer who&led the Bruhl operation and leader of the&militia's Squad 7, Welkin Gunther (22), is a&Bruhl native himself. He returned to claim&his town from the Empire after being ousted by&their original invasion over six months ago.;si estendono ben oltre questa piccola citt= di confine.&In una notevole coincidenza, l'ufficiale che&guido' l'operazione Bruhl e fu il leader del&Squadra 7 della milizia, Welkin Gunther (22), > un&Nativo di Bruhl stesso. Torno' per rivendicare&la sua citt= dall'Impero dopo essere stata cacciata da&la loro invasione originale risale a piu' di sei mesi fa.;;
6240;40612;361;;Randgriz National University Department of&Archeology reported a theft from its archives&on the 15th. The objects in question are two&artifacts of unknown age unearthed last year&from a university dig site in Barious, and are&said to contain exceptionally pure ragnite.&Though their creation likely predates written&history, their shapes bear strong resemblance;Dipartimento di Randgriz National University&L'archeologia ha denunciato un furto nei suoi archivi&il 15. Gli oggetti in questione sono due&reperti di et= sconosciuta rinvenuti l'anno scorso&da un sito di scavi universitario a Barious, e sono&si dice che contenga ragnite eccezionalmente pura.&Sebbene la loro creazione probabilmente sia precedente alla scrittura&storia, le loro forme hanno una forte somiglianza;;
6256;40980;302;;to the lance and shield spoken of in the myth&of the Valkyrur. Whether these were truly used&by the warriors of legend or whether they bore&ceremonial significance remains unclear.&An investigation into who was behind the&missing items is currently underway, but no&leads have surfaced at present time.;alla lancia e allo scudo di cui si parla nel mito&del Valkyrur. Se questi fossero veramente usati&dai guerrieri della leggenda o se portavano&il significato cerimoniale rimane poco chiaro.&Un'indagine su chi c'era dietro l'&gli oggetti mancanti sono attualmente in corso, ma non&al momento sono emersi indizi.;;
6272;41288;365;;The Gallian Army engaged the Empire at Naggiar&on the 20th in the start of what promises to be&an all-out confrontation. The opposing armies&combine to number several tens of thousands as&both nations' principal forces clash. Details&from the battlefield are still sparse, but our&investigation shows that the offensive&launched against the Empire's right flank was;L'esercito gallico ingaggio' l'Impero a Naggiar&il 20 all'inizio di quello che promette di essere&uno scontro totale. Gli eserciti opposti&si combinano per numerare diverse decine di migliaia come&le forze principali di entrambe le nazioni si scontrano. Dettagli&dal campo di battaglia sono ancora scarsi, ma i nostri&l'indagine dimostra che l'offensiva&lanciato contro il fianco destro dell'Impero fu;;
6288;41660;297;;completely wiped out by armored units led by&Imperial Gen. Selvaria Bles. Bles, said to be&descended from the ancient Valkyrur, has&single-handedly defeated every squad Gallia&has sent her way since the hostilities at&Naggiar began. The Gallian Army has yet to&officially comment on the situation.;completamente annientati dalle unit= corazzate guidate da&Gen. Imperiale Selvaria Bles. Bles, si dice che sia&discendente dall'antico Valkyrur, ha&da solo ha sconfitto ogni squadra Gallia&ha mandato via la sua strada dopo le ostilit= a&comincio' Naggiar. L'esercito galliano deve ancora farlo&commentare ufficialmente la situazione.;;
6304;41964;341;;"Gallian government officials announced on the&17th that national qualifying examinations for&all trades will be cancelled. ""The ongoing&conflict has made safe and fair testing an&impossibility,"" authorities related at a press&conference. The cancelled tests correspond to&qualifications for six trades, with the baker&trade being the oldest.";"I funzionari del governo Gallian hanno annunciato il&17� che gli esami di abilitazione nazionale per&tutte le negoziazioni saranno annullate. ""L'attuale&il conflitto ha reso i test sicuri ed equi un&impossibilit="", hanno riferito le autorit= in una conferenza stampa&conferenza. I test annullati corrispondono a&qualificazioni per sei mestieri, con il fornaio&essendo il commercio il piu' antico.";;
6320;42312;294;;Gallian law has long required every baker to&train under a meister until he or she passes&the national exams to become a meister and&operate their own bakery in turn.&For the sake of Gallia's future bakers, as for&all the nation's people, it is imperative that&this war end as soon as possible.;La legge Galliana richiede da tempo a ogni fornaio di&allenarsi sotto un maestro finch< non supera&gli esami nazionali per diventare meister e&gestiscono a loro volta il proprio panificio.&Per il bene dei futuri fornai della Gallia, come per&tutto il popolo della nazione, > imperativo che&questa guerra finisca il prima possibile.;;
6336;42612;369;;The morning of the 28th brought news of the&Gallian force's victory at Naggiar. Though the&exact figures are still unclear, it is safe to&say that this win came at significant cost in&Gallian lives, with at least as many Imperial&casualties to match. That cost might have been&far greater had a second Valkyria not emerged&from among the Gallian force. In a duel fought;La mattina del 28 porto' la notizia della&Vittoria delle forze gallian a Naggiar. Sebbene il&le cifre esatte non sono ancora chiare, > sicuro&dire che questa vittoria > stata costata molto cara&Gallian vive, con almeno altrettanti Imperiali&vittime da abbinare. Quel costo potrebbe essere stato&molto piu' grande se non fosse emersa una seconda Valkyria&tra le forze galliane. In un duello combattuto;;
6352;42988;288;;with the lances and shields of legend, it was&the Gallian woman who claimed victory, and the&remaining Imperial defenses fell soon after.&Though Army officials have issued no comment&on the Gallian Valkyria, the survivors of the&Naggiar operation likely have her to thank for&their lives.;con le lance e gli scudi della leggenda, era&la donna gallica che rivendico' la vittoria, e la&le restanti difese imperiali caddero poco dopo.&Sebbene i funzionari dell'esercito non abbiano rilasciato alcun commento&sulla Gallia Valkyria, i superstiti della&L'operazione Naggiar probabilmente la deve ringraziare per&le loro vite.;;
6368;43284;354;;The EHRI (Europan Human Rights Initiative) has&asked the continent's leaders to address the&mounting refugee problem. Armed conflict and&displaced people have long gone hand in hand,&but the current condition of Europa has&refugee numbers higher than ever recorded, and&the question of how to help them is fast&becoming a paramount issue. EHRI volunteers;L'EHRI (Iniziativa europea per i diritti umani) ha&ha chiesto ai leader del continente di affrontare la questione&problema crescente dei rifugiati. Conflitto armato e&gli sfollati vanno da tempo di pari passo,&ma le attuali condizioni di Europa hanno&il numero dei rifugiati > piu' alto che mai registrato, e&la questione di come aiutarli > immediata&diventando una questione fondamentale. I volontari dell'EHRI;;
6384;43644;353;;"are slated to be sent to camps all over the&continent to offer much-needed food and&medical treatment to their inhabitants.&Ben Tamal, an EHRI spokesman who has worked on&behalf of refugees for two decades, stated,&""Man's hopes for peace are hollow without the&will to cast aside superficial differences in&race, nation and religion in order to win it.""";"sono destinati ad essere inviati nei campi in tutto il mondo&continente per offrire cibo tanto necessario e&cure mediche ai loro abitanti.&Ben Tamal, un portavoce dell'EHRI che ha lavorato su&a favore dei rifugiati per due decenni, ha affermato,&""Le speranze di pace dell'uomo sono vuote senza la&volont= di mettere da parte le differenze superficiali in&razza, nazione e religione per vincerla.""";;
6400;44004;367;;An Army relay has confirmed that Gallia took&the citadel at Ghirlandaio in the latest clash&at Gallia's border. The erstwhile headquarters&of the Imperial command fell after the Army&opened its front gates with an explosive rail-&car and subsequently flooded inside. Though no&official numbers were released, the operation&cost Gallia's forces significant casualties.;Un comunicato dell'esercito ha confermato che la Gallia ha preso&la cittadella del Ghirlandaio nell'ultimo scontro&al confine della Gallia. L'ex quartier generale&del comando imperiale cadde dopo l'esercito&apri i cancelli anteriori con un'esplosione su rotaia&macchina e successivamente allagata all'interno. Sebbene non&sono stati resi noti i numeri ufficiali dell'operazione&costo' alle forze della Gallia perdite ingenti.;;
6416;44376;353;;Early the following morning, a huge explosion&of unknown cause razed the surrounding area,&annihilating the primary division of Gallia's&army with it. Commander of the central Gallian&force, Gen. Damon, was also lost in the blast.&At present, experts suspect an accident in the&citadel's armory as the cause, but no firm&details have yet been uncovered.;La mattina presto del giorno seguente, una grande esplosione&di cause sconosciute rasero al suolo la zona circostante,&annientando la divisione primaria della Gallia&esercito con esso. Comandante della Gallia centrale&Anche il generale Damon, membro della forza di contrasto, > stato disperso nell'esplosione.&Attualmente gli esperti sospettano un incidente in&l'armeria della cittadella come causa, ma nessuna ditta&i dettagli sono ancora stati svelati.;;
6432;44736;350;;In an independent investigation into the blast&at Ghirlandaio, our correspondent found the&blast radius and conditions of the aftermath&closely matched those in the Dreston &Incident within the Empire during EWI.&Caused when an explosion within the arsenal at&one Imperial outpost started a chain reaction&among weapons, gunpowder and a massive store;In un'indagine indipendente sull'esplosione&al Ghirlandaio il nostro inviato ha trovato il&raggio dell'esplosione e condizioni delle conseguenze&corrispondevano molto a quelli di Dreston&Incidente all'interno dell'Impero durante l'EWI.&Causato da un'esplosione all'interno dell'arsenale a&un avamposto imperiale ha innescato una reazione a catena&tra armi, polvere da sparo e un enorme magazzino;;
6448;45092;351;;of ragnoline, the blast erased most of Dreston&and remains one of the largest ever recorded.&The Gallian military has maintained its claim&that an investigation is underway, offering no&further comment on the matter.&Eyewitness accounts confirm the characteristic&blue glow of ragnite was present, reinforcing&the possibility of a ragnoline explosion.;di ragnoline, l'esplosione ha cancellato la maggior parte di Dreston&e rimane uno dei piu' grandi mai registrati.&L'esercito gallico ha mantenuto la sua pretesa&che > in corso un'indagine, senza fornire alcuna&ulteriori commenti sulla questione.&I resoconti dei testimoni oculari confermano la caratteristica&era presente un bagliore blu di ragnite, che rafforzava&la possibilit= di un'esplosione di ragnolina.;;
6464;45448;360;;"The massive vehicle spotted exiting the Kloden&wildwood has been confirmed as the dreadnought&""Marmota."" Developed in secret, this marks&the weapon's first use in real combat.&Faced with the absence of Gallia's Army, the&militia and Randgriz Royal Guard joined hands&in Operation Maiden's Shield, a bid to destroy&the Imperial juggernaut as it traveled a gully";"Il veicolo enorme avvistato mentre usciva dal Kloden&wildwood > stato confermato come il dreadnought&""Marmota."" Sviluppato in segreto, questo marchio&il primo utilizzo dell'arma in un combattimento reale.&Di fronte all'assenza dell'esercito della Gallia, il&la milizia e la Guardia Reale di Randgriz hanno unito le forze&nell'Operazione Maiden's Shield, un tentativo di distruggere&il colosso imperiale mentre attraversava un burrone";;
6480;45816;327;;shortly after leaving Kloden. Though the team&effort managed to inflict damage to the tank's&starboard hull, the operation ended in failure&and the loss of most of the Royal Guard.&Upon word of this, Gallian Army HQ ordered the&capital placed under maximum security, with&defensive patrols stationed along the&city's perimeter.;poco dopo aver lasciato Kloden. Sebbene la squadra&lo sforzo > riuscito a infliggere danni al carro armato&scafo di dritta, l'operazione si > conclusa con un fallimento&e la perdita della maggior parte della Guardia Reale.&Dopo aver ricevuto notizia di cio', il quartier generale dell'esercito galliano ordino'&capitale posto sotto la massima sicurezza, con&pattuglie difensive dislocate lungo il&perimetro della citt=.;;
6496;46148;337;;"The Europan Transnational Union's Security&Council entreated the warring Federation and&Empire on the 4th to come together for peace&talks, brokered by the ETU.&An emissary sent to meet separately with the&foreign ministers of both nations reported a&disappointing result. ""Truly saddening,"" he&proclaimed. ""Neither power showed any sign";"La sicurezza dell'Unione Transnazionale Europea&Il Consiglio ha supplicato la Federazione in guerra e&L'Impero il 4 si unir= per la pace&colloqui, mediati dall'ETU.&Un emissario inviato per incontrarsi separatamente con il&I ministri degli esteri di entrambe le nazioni hanno riferito un&risultato deludente. ""Davvero triste"", ha&proclamato. ""Nessuna delle due potenze ha mostrato alcun segno";;
6512;46492;205;;"of interest regarding a compromise that might&end this bloodshed."" Seeing the possibility&of peace talks nipped in the bud makes it seem&likely that the conflict will grow more heated&still before abating.";"di interesse per quanto riguarda un compromesso che potrebbe&porre fine a questo spargimento di sangue."" Vedendo la possibilit=&dei colloqui di pace stroncati sul nascere fa sembrare&> probabile che il conflitto diventi piu' acceso&ancora prima di placarsi.";;
6528;46704;358;;The 3rd Regiment, our correspondence partners&in the Gallian militia, succeeded in putting&Imperial tank ace Gen. Radi Jaeger to rout at&Vasel, a stone's throw away from the capital.&With Jaeger defeated, the Empire's invading&force consists solely of the Marmota,&still on the advance towards Randgriz's gates,&and an accompanying squad following behind it.;Il 3� Reggimento, i nostri partner di corrispondenza&nella milizia gallica, riusci a mettere&L'asso dei carri armati imperiali Gen. Radi Jaeger si sbarazza di&Vasel, a due passi dalla capitale.&Con Jaeger sconfitto, l'Impero invade&la forza > composta esclusivamente dalla Marmota,&ancora in avanzata verso le porte di Randgriz,&e una squadra di accompagnamento che lo segue.;;
6544;47068;258;;This miraculous win has given Gallia a spark&of the hope that was all but lost after the&failure of Operation Maiden's Shield.&In the wake of their victory, the militia has&taken hold of the Great Vasel Bridge and begun&to move out in pursuit of the Marmota.;Questa vittoria miracolosa ha dato una scintilla alla Gallia&della speranza che era quasi perduta dopo la&fallimento dell'operazione Maiden's Shield.&In seguito alla loro vittoria, la milizia ha&prese possesso del Grande Ponte Vasel e inizio'&per partire all'inseguimento della Marmota.;;
6560;47332;358;;The Gallian government has issued an emergency&draft of all able-bodied Randgrizers to form a&last-ditch defensive line against the incoming&Imperial dreadnought Marmota. The draft&encompasses everyone ages 15 to 29, as well as&men of ages 30 to 45. Because of its grave&ramifications for Gallia's economy, only&Princess Cordelia possesses the constitutional;Il governo Galliano ha emesso un decreto di emergenza&bozza di tutti i Randgrizers abili al lavoro per formare un&ultima linea difensiva disperata contro l'arrivo&Dreadnought imperiale Marmota. La bozza&comprende tutti i soggetti di et= compresa tra 15 e 29 anni, nonch<&uomini di et= compresa tra 30 e 45 anni. A causa della sua gravit=&ramificazioni per l'economia della Gallia, solo&La principessa Cordelia possiede la costituzione;;
6576;47696;358;;right to enact this third draft. The Princess,&however, has not been seen in public since her&appearance at a Parliamentary meeting late&last month, and rumors from within Castle&Randgriz suggest she may be seriously ill.&At present, Prime Minister Borg is handling&nearly all of Gallia's political affairs, with&this draft proposal bearing his name as well.;diritto di promulgare questa terza bozza. La Principessa,&tuttavia, non > stato visto in pubblico da quando >&apparizione a una riunione parlamentare in ritardo&il mese scorso, e voci provenienti dall'interno di Castle&Randgriz ipotizza che potrebbe essere gravemente malata.&Attualmente, il Primo Ministro Borg sta gestendo&quasi tutti gli affari politici della Gallia, con&anche questa bozza di proposta porta il suo nome.;;
