1376;6588;47;;It's good to see you doing the rounds.&Welcome.;C'est bon de vous voir faire le tour.&Bienvenue.;;
1392;6640;57;;This is the command room.&Use it to structure your squad.;C'est la salle de commande.&Utilisez-la pour organiser votre escouade.;;
1408;6704;58;;You'll have access to both drafted and volunteer recruits.;Vous aurez acc>s aux recrues volontaires et appel<es.;;
1424;6768;98;;Now that I think of it, Squad 7 is still short on soldiers,&isn't it? I'll explain how this works.;Pendant que j'y pense, l'Escouade 7 n'a toujours pas assez&de soldats, non? Je vais vous expliquer comment cela marche.;;
1440;6872;92;;This is the master list. The recruits have all&been assigned classes based on their talents.;Ceci est la liste principale. Les recrues ont toutes <t<&attribu<es = des classes en fonction de leurs talents.;;
1456;6972;65;;I should probably touch on the five classes,&just so we're clear.;Je devrais probablement en dire plus sur les cinq classes,&juste pour que ce soit clair.;;
1472;7044;82;;First off, you have the scouts.&Just like the name suggests, they'll be your eyes.;Tout d'abord, vous avez les <claireurs.&Comme leur nom l'indique, ils seront vos yeux.;;
1488;7132;93;;Their best asset is their mobility.&They can go out, collect intel, then make it back safely.;Leur meilleur atout est leur mobilit<. Ils peuvent avancer,&recueillir des infos, puis revenir en toute s<curit<.;;
1504;7232;97;;That, and a keen eye for enemies. A good&scout can spot a man in tall grass from a hundred yards.;Cela, et un oeil aiguis< pour les ennemis. Un bon <claireur&rep<re un homme dans les herbes hautes = plus de 100 m>tres.;;
1520;7336;89;;That comes at the price of firepower.&Their job is spotting enemies, not taking them out.;Cela vient au prix de la puissance de feu. Leur travail&est de trouver les ennemis, pas de les descendre.;;
1536;7432;86;;Next up, the shocktrooper.&They're the ones to break through enemy lines and clean up.;Ensuite, les Commandos. Ce sont ceux qui perceront&les lignes ennemies et les nettoieront.;;
1552;7524;92;;They offer excellent offense and defense.&As far as combat goes, they're as good as it gets.;Ils offrent une excellente attaque et d<fense. Aussi intense&soit le combat, ils seront aussi bons qu'il le faut.;;
1568;7624;90;;While they lack any specialized techniques,&they also don't have any obvious shortcomings.;Bien qu'ils n'aient pas de techniques sp<cialis<es,&ils n'ont aussi pas de lacune <vidente.;;
1584;7720;66;;Think of them as the least finicky unit in your squad,&Lieutenant.;Consid<rez-les comme l'unit< la moins tatillonne&dans votre escouade, lieutenant.;;
1600;7792;95;;After them, we have lancers, the anti-tank units.&They're critical when facing armored targets.;Apr>s eux, nous avons les lanciers, les unit<s antichars.&Ils sont critiques face = des cibles blind<es.;;
1616;7892;93;;Their purpose is pretty self-explanatory.&In most cases, they're the only way to stop a tank.;Leur but est assez explicite. Dans la plupart des cas,&ils sont le seul moyen d'arr$ter un char.;;
1632;7992;85;;They're also well shielded from explosives,&which conveniently includes tank mortars.;Ils sont <galement bien prot<g<s contre les explosifs,&ce qui inclut commod<ment les mortiers des chars.;;
1648;8084;92;;Sadly, they're slow and weak to gunfire.&Their limited ammo could also be called a drawback.;Malheureusement, ils sont lents et faibles face aux balles.&Munitions limit<es aussi, cela peut $tre un inconv<nient.;;
1664;8184;87;;Changing gears, we have the engineers.&They handle supplies and perform combat support.;Changement de vitesse, nous avons les ing<nieurs.&Ils g>rent les fournitures et assurent le soutien au combat.;;
1680;8276;88;;They can restock other units' ammunitions,&treat the wounded, even repair tanks on-site.;Ils peuvent regarnir les munitions des autres unit<s,&traiter les blessures, m$me r<parer les chars sur place.;;
1696;8372;76;;They can place sandbags for cover, disarm mines,&repair towers, you name it.;Ils peuvent placer des sacs de sable comme couverture,&d<sarmer les mines, r<parer les tours, y a qu'a demander.;;
1712;8456;78;;Their actual combat skills are very low.&Think of them as combat facilitators.;Leurs comp<tences actuelles de combat sont tr>s faibles.&Consid<rez-les comme des facilitateurs de combat.;;
1728;8540;86;;Lastly, we have the snipers. They can shoot&down targets from a considerable distance.;Enfin, nous avons les snipers. Ils peuvent abattre&des cibles = une distance consid<rable.;;
1744;8632;97;;You won't find better soldiers for marksmanship and range.&They can hit targets I can barely see.;C'est vos meilleurs soldats pour le tir de pr<cision et la&port<e. Ils peuvent frapper des cibles que je vois = peine.;;
1760;8736;86;;Sniping rifles also come with scopes that&work to augment a sniper's natural eyesight.;Les fusils de pr<cision sont <galement <quip<s de lunettes&qui permettent d'augmenter la vision naturelle du sniper.;;
1776;8828;91;;Drawbacks include low mobility and defense.&If the enemy gets them alone, they're done for.;Les inconv<nients comprennent une faible mobilit<&et d<fense. Si l'ennemi les isole, ils sont cuits.;;
1792;8924;29;;That should cover the basics.;Cela devrait couvrir les bases.;;
1808;8960;99;;Go ahead and put a squad together now.&There's room for twenty, and you can swap units at any time.;Lancez-vous et rassemblez une escouade maintenant. Il y a&20 places, et vous pouvez <changer des unit<s = tout moment.;;
1824;9064;92;;Well? Feel like you've struck a balance?&Come back any time you'd like to adjust your squad.;Eh bien? Vous pensez avoir atteint un <quilibre?&Revenez quand vous souhaitez ajuster votre <quipe.;;
1840;9164;85;;As time passes, we'll have more recruits to choose from,&so keep an eye on that list.;Le temps passant nous aurons plus de recrues = choisir,&donc gardez un oeil sur cette liste.;;
1856;9256;87;;Oh, and all the recruits go through training&together, so they're all ready for combat.;Oh, et toutes les recrues passent par la formation ensemble,&de sorte qu'ils sont tous pr$ts pour le combat.;;
1872;9348;81;;They'll be at the same level as the&rest of the team you've taken into the field.;Ils seront au m$me niveau que le reste de l'<quipe que&vous avez men< sur le terrain.;;
1888;9436;85;;You can swap out members without the worry of&losing the benefit of their experience.;Vous pouvez <changer les membres sans le souci de&perdre le b<n<fice de leur exp<rience.;;
1904;9528;75;;Trust in your own judgment and pick a team you&know you can work well with.;Faites confiance = votre jugement et choisissez une <quipe&avec laquelle vous savez que vous pourrez bien travailler.;;
1920;9608;80;;That should be enough to get you started.&You can figure out the rest as you go.;Cela devrait $tre suffisant pour vous aider = d<marrer.&Vous pouvez voir le reste par la suite.;;
1936;9696;44;;Wow!&Squad leader's a lot of responsibility.;Hou La La!&Leader d'escouade est beaucoup de responsabilit<.;;
1952;9748;59;;Come to think of it, Faldio's heading up Squad 1,&isn't he?;En parlant de cela, Faldio dirige l'Escouade 1,&n'est-ce pas?;;
1968;9812;83;;I wonder if he's off sorting through this stuff now, too.&I'd better get a move on.;Je me demande s'il est d<j= pass< par ce genre de trie d<j=&, lui aussi. Je ferais mieux de me d<p$cher.;;
1984;9900;44;;Hello, Welkin.&Here to fine-tune your squad?;Bonjour, Welkin.&Ici pour affiner ton escouade?;;
2000;9952;85;;Oh, and there have been some new recruits.&You should take a look at the master list.;Oh, et il y a eu quelques nouvelles recrues.&Vous devriez jeter un oeil = la liste principale.;;
2016;10044;62;;Come back any time you need to change your lineup,&Lieutenant.;Revenez quand vous devez changer votre effectif,&lieutenant.;;
2032;10112;65;;Hi, I'm Alex Raymond!&I look forward to serving with you, Welkin!;Salut, je suis Alex Raymond!&J'ai hate de servir avec vous, Welkin!;;
2048;10184;64;;Thanks for everything, Welkin!&Just gimme a call if you need me!;Merci pour tout, Welkin!&Passez-moi juste un coup de fil si vous avez besoin de moi!;;
2064;10256;58;;H-hello, I'm Kevin... Kevin Abbott.&Pleased to meet you...;B-bonjour, je suis Kevin... Kevin Abbott.&Heureux de vous rencontrer ...;;
2080;10320;49;;Th-Thanks for... everything.&I'll be going now...;M-Merci pour ... tout.&Je vais y aller maintenant...;;
2096;10376;78;;Name's Coby Caird, boyo!&Looks to me like we're gonna see a lot of each other!;Mon nom est Coby Caird, petiot!&Me semble qu'on va se voir beaucoup l'un et l'autre!;;
2112;10460;77;;You got my mark, kid!&You ever need a relic like me again, just gimme a call!;Vous avez ma marque, gamin! Si vous avez besoin d'une&relique comme moi = nouveau, Donne-moi juste un coup de fil!;;
2128;10544;32;;Salinas Milton, at your service.;Salinas Milton, = votre service.;;
2144;10584;39;;This was a good squad.&So long, Welkin.;C'<tait une bonne escouade.&A la prochaine, Welkin.;;
2160;10628;41;;Hannes Salinger!&Reporting for duty, sir!;Hannes Salinger!&Me pr<sente au rapport, monsieur!;;
2176;10676;63;;Thanks for everything, Mr. Gunther, sir!&Call me if I can help!;Merci pour tout, M. Gunther, chef!&Appelez-moi si je peux vous aider!;;
2192;10744;64;;Hello, I'm Mica Hawkins.&I'll be serving under you from here on.;Bonjour, je suis Mica Hawkins.&Je servirai sous vos ordres = partir de l=.;;
2208;10816;70;;I enjoyed my time with you.&If I can be of help in the future, do ask.;J'ai appr<ci< mon temps avec vous.&Si je peux $tre utile = l'avenir, demandez-moi.;;
2224;10892;63;;The name's Vyse Inglebard!&Let's go kick this war in the teeth!;Mon nom est Vyse Inglebard!&Allons frapper cette guerre dans les dents!;;
2240;10960;75;;You're a good man, Welkin! Anytime you need me,&call and I'll come runnin'!;Vous $tes un homme bon, Welkin! Si jamais vous&avez besoin de moi, appelez et je viendrai en courant!;;
2256;11040;64;;Hello! My name is Lynn.&I look forward to working with you, sir.;Bonjour! Mon nom est Lynn.&J'ai hate de travailler avec vous, monsieur.;;
2272;11112;83;;I appreciate all you've done for me, sir.&Do let me know if I can help in some way.;J'appr<cie ce que vous avez fait pour moi, monsieur. Faites&le moi savoir si je peux aider de n'importe quelle facon.;;
2288;11200;42;;I'm Wendy Cheslock...&Hee hee... Kaboom...;Je suis Wendy Cheslock...&Hi hi... Kaboom ...;;
2304;11248;38;;What... It's over?&Oh... That's sad...;Qu'est-ce... C'est fini?&Oh... C'est triste ...;;
2320;11292;80;;I'm Edy Nelson. Perhaps you've heard of me?&I'm sure we'll get along swimmingly!;Je suis Edy Nelson. Peut-$tre avez-vous entendu parler de&moi? Je suis sur que nous allons nous entendre = merveille!;;
2336;11380;80;;Y-You know, I could be persuaded to help again...&If you ever needed me, I mean.;V-Vous savez, je pourrais $tre persuad< d'aider = nouveau...&Si jamais vous en avez besoin, je veux dire.;;
2352;11468;52;;Hi, I'm Aisha Neumann!&Nice to meet you, Mr. Welkin!;Salut, je suis Aisha Neumann!&Ravie de vous rencontrer, M. Welkin!;;
2368;11528;59;;Thanks for everything, Mr. Welkin!&You can call me anytime!;Merci pour tout, M. Welkin!&Vous pouvez m'appeler n'importe quand!;;
2384;11592;75;;The name's Jane Turner.&I'll do anything if it means putting holes in Imps.;Mon nom est Jane Turner. Je ferai n'importe quoi&si cela signifie faire des trous dans les Imps.;;
2400;11672;83;;Rgh! Kicked out with so much left to do...&Look, gimme a call if you need ANYthing.;Rgh! Eject< avec tant qu'il reste = faire...&Ecoute, appelle-moi si vous avez besoin de n'IMPORTE quoi.;;
2416;11760;56;;H-Hello there, I'm Dorothy!&I'll, uh... I'll do my best!;H-Bonjour l=, je suis Dorothy!&Je vais, euh... Je ferai de mon mieux!;;
2432;11824;76;;I'm kind of relieved to be leaving.&O-oh, but I'll come back if you need me.;Je suis un peu soulag<e de partir.&O-oh, mais je reviendrai si vous avez besoin de moi.;;
2448;11908;72;;The name's Nina Streiss,&and I look forward to a good workout out there!;Je porte le nom de Nina Streiss, et j'ai hate&d'avoir une bonne s<ance d'entrainement l=-bas!;;
2464;11988;78;;Thanks for the good times, boss!&I'll stay in shape in case you need me again!;Merci pour les bons moments, patron! Je vais rester&en forme pour le cas ou vous aurez besoin de moi = nouveau!;;
2480;12072;87;;I'm Musaad Mayfield. Good to meet ya!&Now that I'm here, ya'll got this one in the bag!;Je suis Musaad Mayfield. C'est bon de te rencontrer!&Maintenant que je suis ici, l'affaire est dans le sac!;;
2496;12164;76;;You ain't half bad, kid!&Just lemme know if you ever need me to bail ya out!;T'es pas mauvais, gamin! Fait moi savoir si&t'as besoin de moi pour te sortir d'affaire!;;
2512;12248;70;;I'm Hermes Kissinger.&With me here, your squad'll get twice the girls.;Je suis Hermes Kissinger. Avec moi ici,&votre escouade va attirer deux fois plus de filles.;;
2528;12324;73;;See you later, boss,&and sorry if all the ladies leave now that I'm gone.;A plus tard, patron, et d<sol< si toutes les dames partent&maintenant que je suis parti.;;
2544;12404;56;;Hey, Welkster, I'm Melville Young!&I'll do my best, man!;Hey, Welkster, je suis Melville Young!&Je ferai de mon mieux, gars!;;
2560;12468;85;;I'll never forget you guys, Welk-man!&Just say the word if there's anything I can do!;Je ne vous oublierai jamais les gars, Welk-Gars!Suffit de me&faire passer le mot s'il y a une chose que je puisse faire!;;
2576;12560;80;;Thank you, hello! I'm Ted Ustinov,&and I've got some great new material for you!;Merci, bonjour! Je suis Ted Ustinov,&et j'ai une grande nouvelle pour vous!;;
2592;12648;69;;Thank you, thank you!&You're a wonderful audience! I'm here all week!;Merci, merci! Vous $tes un public merveilleux!&Je suis ici toute la semaine!;;
2608;12724;59;;Please, call me Wavy.&From today onward, we fight together.;S'il vous plait, appelez-moi Wavy. = partir d'aujourd'hui,&nous nous battrons ensemble.;;
2624;12788;87;;You've taught me quite a lot, sir.&If I can be of service again, don't hesitate to ask.;Vous m'avez beaucoup appris, monsieur.&Si je peux $tre utile = nouveau, n'h<sitez pas = demander.;;
2640;12880;38;;Hey! I'm Montley Leonard! How goes it?;Hey! Je suis Montley Leonard! Comment ca va?;;
2656;12924;43;;Okay, great! Later! Call me if you need me!;Ok, super! A plus tard!&Appelez-moi si vous avez besoin de moi!;;
2672;12972;27;;...I'm Noce Wordsworth.&Hi.;... Je suis Noce Wordsworth.&Salut.;;
2688;13004;57;;Yeah, later...&Oh, and if you hurt Alicia, I'll kill you.;Oui, = plus tard...&Oh, et si tu fais du mal = Alicia, je  te tue.;;
2704;13068;43;;I'm Nancy Dufour!&It's so good to meet you!;Je suis Nancy Dufour!&C'est si bon de vous rencontrer!;;
2720;13116;54;;It was so great working with you!&I had a total blast!;C'<tait tellement g<nial de travailler avec vous!&Ca a <t< l'<clate totale!;;
2736;13176;53;;My name's Ramona Linton!&Good to be on board, Welkin!;Mon nom est Ramona Linton!&Bon d'$tre = bord, Welkin!;;
2752;13236;63;;Okay, and nice work out there so far!&You can call me anytimeÅ!;Ok, et beau travail l=-bas jusqu'ici!&Vous pouvez m'appeler n'importe quand!;;
2768;13304;80;;My name is Susie Evans, sir.&I realize I'm inexperienced, but I'll do all I can.;Mon nom est Susie Evans, monsieur. Je me rends compte que&je suis inexp<riment<e, mais je ferai tout mon possible.;;
2784;13392;84;;You've been a wonderful leader, sir,&but I am a bit relieved to be done with combat.;Vous avez <t< un merveilleux leader, monsieur,&mais je suis un peu soulag<e d'en finir avec le combat.;;
2800;13484;68;;I'm Freesia York, handsome!&I know you'll take real good care of me.;Je suis Freesia York, mignon!&Je sais que tu vas prendre bien soin de moi.;;
2816;13560;74;;Thanks for everything, Welkin!&You call me any time you need me, you hear?;Merci pour tout, Welkin! Tu peux m'appeler n'importe&quand si tu as besoin de moi, tu sais?;;
2832;13640;74;;Juno Coren, reporting for duty.&Looks like I'll be joining you in Squad 7.;Juno Coren, se pr<sente au rapport.&On dirait que je vais vous rejoindre dans l'Escouade 7.;;
2848;13720;87;;I'm glad for the time we got to spend together.&Just let me know if something comes up.;Je suis content pour ce moment que nous avons pass< ensemble&Laissez-moi savoir si quelque chose arrive.;;
2864;13812;72;;"I'm Cherry Stijnen, like, with a ""j.""&It's silent... But, um... I'm not!";Je suis Cerise Stijnen, tu vois, avec un £j£.&C'est muet... Mais, euh ... je ne le suis pas!;;
2880;13892;75;;Ugh, like, finally? I sooo need a break.&I was totally dying! So yeah, bye!;Ugh,tu vois, finalement? J'ai tellement besoin d'une pause& J'<tais totalement en train de mourir! Donc oui, bye!;;
2896;13972;67;;Hey there, I'm Aika Thompson.&I'll try my best. Sound good, Welkin?;H< l=, je suis Aika Thompson. Je vais essayer de faire&de mon mieux. Ca sonne bien, Welkin?;;
2912;14044;82;;What, it's over already? Well, that's fine.&If you need me, though, call me, 'kay?;Quoi, c'est d<j= fini? Eh bien, c'est tr>s bien.&Si vous avez besoin de moi, cependant, appelez-moi, 'o'ais?;;
2928;14132;68;;Hey, soldierÅÙ I'm Jann Walker.&I'll fight with everything I've got.;Hey, soldatÅÙ, je suis Jann Walker.&Je vais me battre en donnant tout ce que j'ai.;;
2944;14208;76;;Oh, I am going to miss you to death!&You give me a call any old time, honey!;Oh, je vais vous manquer = mort!&Tu me passes un coup de fil n'importe quand, ch<rie!;;
2960;14292;52;;I'm Nils. Nils Daerden...&I'll see you on the field.;Je suis Nils. Nils Daerden...&je vous verrai sur le terrain.;;
2976;14352;31;;That was good...&Be seeing you.;C'<tait bien...&= la revoyure.;;
2992;14388;53;;Heyyy, Theold Bohr here.&Remember the name, boss-man.;Heyyy, theold Bohr ici.&N'oubliez pas ce nom, le patron-gars.;;
3008;14448;62;;...Hey, what'd I do?&Oh c'mon, man, gimme another chance here!;... H<, qu'est-ce que j'ai fait?&Oh allez, gars, donne-moi une autre chance l=!;;
3024;14516;63;;The name's Walter Nash, buddy!&Pleasure to be working with you!;Mon nom est Walter Nash, l'ami!&Un plaisir de travailler avec vous!;;
3040;14584;76;;I knew it... I'm useless, aren't I?&I won't hold my breath for a callback...;Je savais cela ... Je suis inutile, n'est-ce pas?&Je ne compterai pas trop sur un rappel...;;
3056;14668;64;;My name's Hector Calvey, sir!&I'm at your service from today on!;Mon nom est Hector Calvey, monsieur!&Je suis = votre service = partir d'aujourd'hui!;;
3072;14740;79;;Thanks for everything you've done, sir!&If I can be of help again, let me know!;Merci pour tout ce que vous avez fait, monsieur!&Si je peux $tre utile = nouveau, faites le moi savoir!;;
3088;14824;86;;Hi, my name's Audrey Heitinga,&and you were totally my inspiration for enlisting, sir!;Salut, je m'appelle Audrey Heitinga, et vous <tiez&totalement mon inspiration pour m'$tre enrol<e, monsieur!;;
3104;14916;68;;What? This is good bye?!&We'll see each other again, though, right?!;Quoi? C'est un au revoir?!&Nous nous reverrons = nouveau, quand m$me, pas vrai ?!;;
3120;14992;59;;My name's Rosina Selden! &I'm in with you guys as of today.;Mon nom est Rosina Selden!&Je suis avec vous les gars = partir d'aujourd'hui.;;
3136;15056;71;;You do good work, pal.&If you ever need some muscle, just gimme a call!;Vous faites du bon travail, l'ami. Si vous avez besoin&d'un peu de muscle, Passez-moi juste un appel!;;
3152;15132;64;;Hi there, I'm Yoko Martens! &I'm sure we'll get along just fine.;Salut, je suis Yoko Martens!&Je suis sur que nous allons nous entendre tr>s bien.;;
3168;15204;74;;Thanks for all you've done, kiddo!&If you need me, I'm always here for ya!;Merci pour tout ce que t'as fait, gamin!&Si t'as besoin de moi, je serai toujours l= pour toi!;;
3184;15284;47;;Hiii! My name's Elysse Moore!&Nice to meet you!;Hiii! Mon nom est Elysse Moore!&Ravie de vous rencontrer!;;
3200;15336;67;;Thanks for everything, and...&lemme know if I can help out, okaaay?;Merci pour tout, et...&Faites le moi savoir si je peux aider, okaaay?;;
3216;15408;82;;Greetings. My name is Knute Jung,&and I'm prepared to lay my body down for Gallia.;Salutations. Mon nom est Knute Jung,&et je suis pr$t = perdre la vie pour Gallia.;;
3232;15496;78;;I'd assumed my fortunes would only improve around you.&This is... unfortunate.;Je croyais que mon destin devait tout le temps&s'am<liorer pr>s de vous. C'est ... Malheureux.;;
3248;15580;64;;Um, Herbert Nielson. Is me, I mean.&I'll, uh...  Yeah, I'll try.;Um, Herbert Nielson. C'est moi, je veux dire.&Je vais, euh ... Ouais, je vais essayer.;;
3264;15652;59;;Wow, so I guess it's over, then?&I-I mean, that's fine too.;Wow, donc je suppose que c'est fini, alors?&J-je veux dire, c'est tr>s bien aussi.;;
3280;15716;61;;M-My name is Karl Landzaat, sir.&It's a pleasure to join you.;M-Mon nom est Karl Landzaat, monsieur.&C'est un plaisir de vous rejoindre.;;
3296;15784;85;;Y-You've taught me a great deal, sir.&Please... Let me know if I can ever be of help.;V-vous m'avez beaucoup appris, monsieur. S'il vous plait...&Faites le moi savoir si je peux rendre service.;;
3312;15876;83;;I'm Homer Peron... Here to fight together with you&until this war claims my life...;Je suis Homer Peron ... ici pour me battre avec vous&jusqu'= ce que cette guerre prenne ma vie ...;;
3328;15964;62;;Oh... a premature parting.&Yet another place I don't belong...;Oh ... un d<part pr<matur<.&Encore un autre endroit qui ne veut pas de moi...;;
3344;16032;54;;My name is Dallas Wyatt.&I'm excited to be joining up.;Mon nom est Dallas Wyatt.&Je suis ravi de vous rejoindre.;;
3360;16092;41;;Good luck with everything, sir.&Good day.;Bonne chance pour tout, monsieur.&Bonne journ<e.;;
3376;16140;29;;I'm Ramsey Clement.&Uh... Hi.;Je suis Ramsey Clement.&Euh ... Salut.;;
3392;16176;19;;Okay. See ya later.;Ok. On se voit plus tard.;;
3408;16200;71;;Hello, sir. My name is Nadine.&I'm sure I'll be coming to you for help.;Bonjour, monsieur. Mon nom est Nadine.&Je suis sur que je vais venir = vous pour vous aider.;;
3424;16276;87;;I'd like to thank you for the time we spent.&If you ever need it, I'd be happy to help.;Je tiens = vous remercier pour le temps que nous avons pass<&ensemble. Si jamais, je serais heureux de vous aider.;;
3440;16368;73;;Hello, I'm Claudia Mann!&I'll do my best to live up to your expectations!;Bonjour, je suis Claudia Mann!&Je ferai de mon mieux pour r<pondre = vos attentes!;;
3456;16448;75;;All right, thank you for having me!&I'd be happy to join you again anytime!;Tr>s bien, je vous remercie pour m'avoir prise! Je serais&heureuse de me joindre = vous = nouveau = tout moment!;;
3472;16528;63;;I'm Emile Bielert.&I'm just happy to be here, Mr. Gunther, sir.;Je suis Emile Bielert.&Je suis juste heureux d'$tre ici, M. Gunther, monsieur.;;
3488;16596;85;;I appreciate you having a guy like me on.&I hope I get to fight under you again, sir.;Je vous remercie d'avoir pris un gars comme moi. J'esp>re&que je combattrais sous vos ordres = nouveau, monsieur.;;
3504;16688;55;;Hey, I'm Oscar Bielert. &Thanks for taking me on board.;Hey, je suis Oscar Bielert.&Merci de me prendre = bord.;;
3520;16748;63;;I'll miss the squad, Welkin. &Feel free to call on me any time.;Je vais manquer = l'<quipe, Welkin.&N'h<sitez pas = faire appel = moi n'importe quand.;;
3536;16816;73;;My name is Cezary Regard,&and I'll handle things my own way, thank you...;Mon nom est Cezary Regard, et&je vais g<rer les choses = ma facon, je vous remercie ...;;
3552;16896;71;;Phew! Glad I made it out of there alive.&I doubt you'll see me again...;Ouf! Content de sortir de l= vivant.&Je doute que vous me verrez = nouveau ...;;
3568;16972;37;;Marina Wulfstan...&At your command...;Marina Wulfstan...&A vos ordres...;;
3584;17016;42;;I understand.&If you ever need me, call...;Je comprends.&Si jamais vous avez besoin de moi, appelez...;;
3600;17064;64;;Hello, I'm Catherine O'Hara. &I look forward to joining you all.;Bonjour, je suis Catherine O'Hara.&J'ai hate de vous rejoindre.;;
3616;17136;87;;I feel good about the time we had, sir.&If called again, I'd gladly fight for the team.;J'ai bien aim< le temps pass< ensemble, monsieur.&Je serais heureuse de me battre = nouveau pour l'<quipe.;;
3632;17228;39;;I'll be joining you from today on, sir!;Je vais vous rejoindre = partir d'aujourd'hui, monsieur!;;
3648;17272;73;;Thank you for everything, sir!&Just say the word if I can help you again!;Merci pour tout, monsieur! Il suffit de me faire&passer un mot si je peux vous aider = nouveau!;;
3664;17352;28;;I'm excited to be here, sir!;Je suis tr>s heureux d'$tre ici, monsieur!;;
3680;17388;72;;I'm sad to be leaving, sir!&If you ever need a hand, it'd be a pleasure!;Je suis triste de partir, monsieur! Si vous avez&besoin d'un coup de  main, ce serait un plaisir!;;
3696;17468;34;;I look forward to working for you!;J'ai hate de travailler pour vous!;;
3712;17508;57;;I understand, sir.&Perhaps we'll meet again another time!;Je comprends, monsieur.&Nous nous reverrons peut-$tre une autre fois!;;
3728;17572;88;;Welcome to your worst nightmare!&I'm the guy who's gonna whip you lazy blobs into shape!;Bienvenue dans votre pire cauchemar! Je suis le mec qui va&fouetter votre g<latine paresseuse en forme!;;
3744;17668;86;;Still, I can't work miracles here.&No amount of drilling beats real combat experience!;Pourtant, je ne peux pas faire de miracles ici.&Aucun entrainement ne vaut l'exp<rience de combat r<el!;;
3760;17760;86;;I want you all to go out there,&kick some Imp tail, and then show me what you learned!;Je veux que vous alliez l=-bas, battez un tas d'Imps,&puis montrez-moi ce que vous avez appris!;;
3776;17852;84;;I will train that experience into something&you can actually use. Level you bums up!;Je transformerai cette exp<rience en quelque chose que vous&pourrez vraiment utiliser. Augmentez votre niveau minable!;;
3792;17944;89;;BUT! Don't go tryin' to hog all the glory!&A squad's a team and we got no need for stars!;MAIS! N'essayer pas de vous accaparer toute la gloire! Une&escouade est une <quipe et nous n'avons pas besoin de stars!;;
3808;18040;92;;"You'll train as a class and level up by class.&""Scout Level 2,"" ""Scout Level 3,"" you get it?";Vous vous entrainez et prenez les niveaux par classe.&Niveau Eclaireur 2, Niveau Eclaireur 3, vous avez compris?;;
3824;18140;82;;When the scouts level up, that means each and&every one of 'em goes up that level.;Lorsque les Eclaireurs montent de niveau,&cela signifie que chacun d'eux montent ce niveau.;;
3840;18228;91;;You hear me, maggots? Any of you thinks he's&better than the rest of the team, go home now!;Vous m'entendez, asticots? Ceux d'entre vous qui se pensent&meilleurs que les autres, rentrez = la maison maintenant!;;
3856;18324;74;;All right. Now I'll show you lowlifes how&this whole thing actually works.;Bien. Maintenant, je vais montrer = vos petites natures&comment tout cela fonctionne r<ellement.;;
3872;18404;92;;It ain't complicated. First you go out there and fight,&then divvy up that experience here. ;Ce n'est pas compliqu<. D'abord, vous sortez dehors et&combattez, puis nous distribuerons cette exp<rience ici.;;
3888;18504;86;;Once the experience you cram into a soldier&class clears a set amount, it'll level up.;Une fois que l'exp<rience que vous mettez dans une classe&de soldat arrive = un seuil, elle va monter de niveau.;;
3904;18596;92;;Pickin' which class to level up and when is your&job as the squad leader! Now, give it a go!;Choisir quelle classe doit monter de niveau et quand est&votre travail de chef d'escouade! Maintenant, commencons!;;
3920;18696;90;;Got it? That's how trainin' by class works.&Now get out there and rack up some experience!;Compris? Voil= comment l'entrainement par classes fonctionne&Maintenant sortez et accumulez de l'exp<rience!;;
3936;18792;38;;Oh, and there's one more thing to add.;Oh, et il y a encore une chose = ajouter.;;
3952;18836;73;;Sometimes levelin' up a unit class will&unlock a hidden potential in 'em.;Parfois le changement de niveau d'une classe&permet de d<bloquer un potentiel cach< en eux.;;
3968;18916;83;;You can think of potentials as the natural&abilities your soldiers have inside 'em.;Vous pouvez voir les potentiels comme&une capacit< naturelle que vos soldats avaient en eux.;;
3984;19004;88;;Those abilities will form a big part of your&strength in the field, so keep 'em in mind!;Ces capacit<s constitueront une grande partie de&votre force sur le terrain, donc gardez-le = l'esprit!;;
4000;19100;73;;Other times, levelin' up a class will earn you&clearance for a new order.;D'autres fois, la mont< d'une classe vous fera&gagner un permis d'utiliser un nouvel ordre.;;
4016;19180;89;;Here, as long as we're talkin' about it...&I'll teach you a classic. A real golden oldie.;Tiens, vu que l'on parle de cela ... Je vais vous&apprendre un classique. Un vieux de la vielle en or.;;
4032;19276;86;;You learned @fcfff00000:Evade Boost@fci:.&This order raises one ally's evasion&skills.;Vous avez appris @fcfff00000: Boost Esquive@fci:.&Cet ordre augmente les comp<tences&d'<vasion d'un alli<.;;
4048;19368;81;;Use this order in command mode to boost the&entire squad's evasion for one phase.;Utilisez cet ordre en mode de commande&pour augmenter l'esquive de toute l'<quipe pour une phase.;;
4064;19456;90;;Orders are special commands you can give out&as the squad leader. They can save your tail!;Les ordres sont des commandes sp<ciales que&vous pouvez donner. Ils peuvent vous sauver la peau!;;
4080;19552;101;;It doesn't take a genius to see that levelin' up&your soldiers is the best way to beef up your squad.;Il ne faut pas $tre un g<nie pour voir qu'am<liorer vos&soldats est la meilleure facon de renforcer votre escouade.;;
4096;19660;84;;The soldiers will get stronger, and you just might&unlock new potentials and orders.;Les soldats seront plus forts, et vous pourrez d<bloquer&de nouveaux potentiels et des ordres.;;
4112;19752;60;;All that,&just from me workin' you sorry bums into the dirt!;Tout cela, grace = moi trainant les limaces d<sol<es&que vous $tes dans la salet<!;;
4128;19820;82;;I just hope you maggots are ready for a REAL&workout the next time I see you here!;J'esp>re juste que vous, les asticots, seraient pr$t&pour une VRAIE s<ance d'entrainement la prochaine fois.;;
4144;19908;41;;Welcome to your worst nightmare, maggots!;Bienvenue dans votre pire cauchemar, asticots!;;
4160;19956;41;;Come back any time you're ready to sweat!;Revenez quand vous serez pr$t = transpirer!;;
4176;20004;93;;Congratulations. You soldiers worked long and hard&to become what you are today: true elites.;F<licitations. Vous avez boss< longtemps et durement&pour devenir ce que vous $tes d<sormais: de vraies <lites.;;
4192;20104;94;;As Gallia's finest, you're all fit to be called heroes.&Her Highness even has a medal for you.;Comme fine fleur de Gallia, vous pouvez tous $tre&appel<s h<ros. Son Altesse a m$me une m<daille pour vous.;;
4208;20204;95;;Lieutenant Gunther, you shared in your soldiers' struggles.&Now you've brought up a fine squad.;Lieutenant Gunther, vous avez partag< les combats de vos&soldats. Maintenant vous avez d<velopp< une fine <quipe.;;
4224;20304;86;;I tell ya, you're one fast learner.&You've mastered a lot of what it takes to command.;Je vous le dis, vous comprenez vite.&Vous avez maitris< beaucoup de ce qu'il faut pour commander.;;
4240;20396;85;;I take no small amount of pride in having&trained you soldiers these last few months.;Je ne suis pas peu fier de vous avoir&entrain< ces derniers mois.;;
4256;20488;89;;Now I join the rest of Gallia in asking you&all to go out there and fight for our future.;Maintenant, je me joins au reste de Gallia en demandant = vous tous de sortir et de vous battre pour notre avenir.;;
4272;20584;87;;Unlike the rest of Gallia, I've seen what&you soldiers can do. I will be sleeping easy.;Contrairement au reste de Gallia, j'ai vu ce que vous,&soldats, pouvez faire. Je vais pouvoir dormir tranquille.;;
4288;20676;60;;All glory be to Gallia!&May the Valkyrur keep you, soldiers!;Toute la gloire va = Gallia!&Que les Valkyrur vous gardent, soldats!;;
4304;20744;86;;And know that if you do lose out there,&I'll be waitin' here to kick your sorry tails!;Et je sais que si vous perdez l=-bas,&je serais ici pour vous tanner le cuir!;;
4320;20836;79;;You soldiers have no more business here.&Get out there and make some headlines.;Vous, soldats,  n'avez plus rien = faire ici.&Sortez et faites quelques gros titres.;;
4336;20920;73;;What, are you pansies missin' me?&Here to train for old times' sake? Eh?!;Quoi, vous avez pens<es que vous m' manquiez?&Ici pour s'entrainer comme au bon vieux temps? Eh ?!;;
4352;21000;90;;I hear good things, soldiers! Very good things!&Keep fightin' the good fight. I'll see ya!;J'ai eu de bon retour, soldats! De tr>s bonnes choses!&Continuez = combattre en un beau combat. Je vous surveille!;;
4368;21096;36;;Train all you want! I got allll day!;Entrainez-vous tant que vous le voulez!&J'ai touuute la journ<e!;;
4384;21140;34;;Bite the bullet! No pain, no gain!;Serrer les dents! Pas de peine, pas de gain!;;
4400;21180;44;;I got no use for tears! Sweat, sweat, sweat!;Je n'ai pas d'utilit< pour les larmes! Sueur, sueur, sueur!;;
4416;21232;43;;You're better than this! Push those limits!;Vous valez mieux que cela! Poussez ces limites!;;
4432;21280;53;;Good work, maggots!&You're one level closer to human!;Bon travail, asticots!&Vous $tes un niveau plus proche des humains!;;
4448;21340;70;;Looks like that session beat a new potential&out of the shocktroopers!;On dirait que cette session a r<v<l<&un nouveau potentiel chez les commandos!;;
4464;21416;63;;Looks like that session beat a new potential&out of the scouts!;On dirait que cette session a r<v<l<&un nouveau potentiel sur les <claireurs!;;
4480;21484;64;;Looks like that session beat a new potential&out of the lancers!;On dirait que cette session a r<v<l<&un nouveau potentiel sur les lanciers!;;
4496;21556;66;;Looks like that session beat a new potential&out of the engineers!;On dirait que cette session a r<v<l<&un nouveau potentiel sur les ing<nieurs!;;
4512;21628;64;;Looks like that session beat a new potential&out of the snipers!;On dirait que cette session a r<v<l<&un nouveau potentiel sur les snipers!;;
4528;21700;60;;Congratulations, shocktroopers!&As of today, you are Elites!;F<licitations, commandos!&A compter d'aujourd'hui, vous $tes <lites!;;
4544;21768;39;;That means clearance for flamethrowers!;Cela signifie avoir acc>s aux lance-flammes!;;
4560;21812;53;;Congratulations, scouts!&As of today, you are Elites!;F<licitations, <claireurs!&A compter d'aujourd'hui, vous $tes <lites!;;
4576;21872;40;;That means clearance for rifle grenades!;Cela signifie avoir acc>s lance-grenades!;;
4592;21920;54;;Congratulations, lancers!&As of today, you are Elites!;F<licitations, lanciers!&A compter d'aujourd'hui, vous $tes <lites!;;
4608;21980;56;;Congratulations, engineers!&As of today, you are Elites!;F<licitations, ing<nieurs!&A compter d'aujourd'hui, vous $tes <lites!;;
4624;22044;40;;That means clearance for rifle grenades!;Cela signifie avoir acc>s lance-grenades!;;
4640;22092;54;;Congratulations, snipers!&As of today, you are Elites!;F<licitations, snipers!&A compter d'aujourd'hui, vous $tes <lites!;;
4656;22152;76;;Okay, you've earned clearance for a new order!&Put it to good use out there!;Okay, vous avez gagn< l'acc>s = un nouvel ordre!&Mettez-le = profit l=-bas!;;
4672;22236;43;;Welcome to R&D, man.&What can I do you for?;Bienvenue en R£D, man(homme).&Que puis-je faire pour vous?;;
4688;22284;70;;Huh? Wait, I know that insignia!&You're Lieutenant Gunther, aren't ya?;Hein? Attendez, je connais cet insigne!&Tu es le lieutenant Gunther, n'est-ce pas?;;
4704;22360;79;;I knew it! Man, I've heard about you!&That evacuation at Bruhl was just... WOW!;Je le savais! Man, j'ai entendu parler de toi!&Que l'<vacuation = Bruhl <tait juste ... WOW!;;
4720;22444;74;;Protecting a tiny life in the middle of&all that slaughter... Man... MAN! ;Prot<ger une vie minuscule au milieu&de tout ce massacre ... Man ... MAN!;;
4736;22524;74;;Lieutenant, you're good people!&You get all my respect and then some, bro!;Lieutenant, tu es un homme bien!&Tu as tout mon respect et tout, bro(fr<rot)!;;
4752;22604;71;;What's going on, Leon?&I could hear you from clear across the hangar...;Qu'est-ce qui se passe, Leon?&Je peux t'entendre de l'autre bout du hangar ...;;
4768;22680;65;;Oh! KC, check it out!&It's Lieutenant Gunther! He's the MAN, man!;Oh! KC, regarde bien!&C'est le lieutenant Gunther! Il est le MAN, man!;;
4784;22752;76;;Ha ha! Sorry about him, Lieutenant.&He's like this all the time, I'm afraid.;Ha ha! D<sol< pour lui, lieutenant.&Il est comme ca tout le temps, j'en ai peur.;;
4800;22836;77;;But where are my manners? I'm Kreis Czherny.&I'm training here as a mechanic.;Mais ou sont mes mani>res? Je suis Kreis Czherny.&Je m'entraine ici comme m<canicien.;;
4816;22920;71;;Oh! Oh! And I'm Leon Schmidt, but just call me Leon, bro!&I'm your boy!;Oh! Oh! Et je suis Leon Schmidt, mais appelle-moi Leon, bro!&Je suis ton servant!;;
4832;22996;58;;So, Lieutenant Gunther, what brings you down to R&D today?;Donc, lieutenant Gunther, qu'est-ce qui vous am>ne en R£D&aujourd'hui?;;
4848;23060;78;;We do work here on weapons development,&making upgraded weapons and equipment.;Nous travaillons ici sur le d<veloppement d'armes,&l'am<lioration d'armes et d'<quipement.;;
4864;23144;73;;And that includes rifles and machine guns.&We can even soup up your tank!;Et cela inclut fusils et mitrailleuses.&Nous pouvons m$me tuner votre char!;;
4880;23224;44;;Of course, research expenses aren't cheap...;Bien sur, les frais de recherche ne sont pas gratuits...;;
4896;23276;83;;With rifles and other firearms,&we'll mass-produce new models as they're developed.;Avec les fusils et les autres armes = feu, nous produirons&en masse les nouveaux mod>les une fois d<velopp<s.;;
4912;23364;78;;You won't have to worry about making&enough for your squad. We'll outfit them.;Vous n'aurez pas = vous soucier d'en faire assez&pour votre <quipe. Nous les <quipons tous.;;
4928;23448;71;;For tanks, you can upgrade the baseline&performance of the body itself,;Pour les chars, vous pouvez am<liorer les performances de&base du corps lui-m$me,;;
4944;23524;69;;or develop optional parts that you can add&on to tweak out its specs!;ou d<velopper des pi>ces optionnelles que vous pourrez&ajouter pour modifier ses sp<cifications!;;
4960;23600;82;;Right, you can choose which optional parts&you want in the Tank Equipment section.;Bien, vous pouvez choisir la pi>ce optionnelle que vous&voulez dans la section Equipment de Char.;;
4976;23688;82;;Come in any time and make adjustments based&on the needs of the operation at hand.;Venez quand vous voulez faire des ajustements en fonction&des besoins de l'op<ration en cours.;;
4992;23776;28;;Well, sir? Was that helpful?;Eh bien, monsieur? Cela a <t< utile?;;
5008;23812;88;;We're working here around the clock to make&possible tomorrow what's out of reach today.;Nous travaillons ici tout le temps pour rendre possible&demain ce qui est hors de port<e aujourd'hui.;;
5024;23908;86;;Come again a little later. We'll do our best&to have something useful for you by then.;Revenez un peu plus tard. Nous ferons de notre mieux&pour avoir quelque chose d'utile pour vous d'ici l=.;;
5040;24000;83;;Yeah, you'd better come back soon, bro!&I am all fired up to work on stuff for you!;Ouais, tu ferais mieux de revenir bientot, bro! Je suis&chaud bouillant de travailler sur des trucs pour vous!;;
5056;24088;64;;Welkin, bro! I'm stoked you're here, man!&What can I do you for?;Welkin, bro! Je suis content que tu sois l=, man!&Que puis-je faire pour toi?;;
5072;24160;35;;Sorry, bro... Just not there yet...;D<sol<, bro... Encore rien l= ...;;
5088;24200;26;;Here ya go, bro! All done!;Et voil=, bro! Tout fini!;;
5104;24232;41;;Phew, it's done! This one's perfect, bro!;Ouf, c'est fini! Celui-ci est parfait, bro!;;
5120;24280;31;;All set for ya, bro! It's done!;Tout est r<gl< pour toi, Bro! C'est fait!;;
5136;24316;42;;Come back again soon, bro!&I mean it, man!;Revient bientot, bro! Je veux dire,man!;;
5152;24364;768;; &          About Outfitting Tanks& &Development work on tanks happens in the&form of body enhancements, tread and weak&point improvements, and attack support.&Body enhancements mostly reinforce the gun&barrel and body armor to improve its base&stats.&Tanks will automatically be given&the best body type you have developed.& &You decide whether to favor attack or&defense, and altering body types gives your&tank a different outward appearance.&Improvements to the treads and weak point&and attack support take the form of parts&that can be added to tanks to enhance&their abilities.&Each part has a set size in blocks.& &You decide how to fill the 4x3&block storage capacity in the Edelweiss.& &Pick the optional parts that best fit your&own personal combat style.& ; &  A propos des modifications de chars& &Le travail de d<veloppement sur les chars&se passe sous la forme d'am<lioration du&corps, des chenilles, am<lioration sur&les points faibles et capacit< d'attaque.&L'am<lioration du corps du char renforce&essentiellement la tourelle du canon et&l'armure du corps pour am<liorer ses&statistiques de base.&Les chars auront automatiquement le&meilleur type de corps que vous avez&d<velopp<.&Vous d<cidez cependant de favoriser&l'attaque ou la d<fense,&et la modification du type de corps donne&une apparence diff<rente = votre char.&Les am<liorations apport<es aux chenilles&, point faible et capacit< d'attaque&prennent la forme de pi>ces qui peuvent&$tre ajout<s aux chars afin de renforcer&leurs capacit<s.&Chaque pi>ce a une taille donn<e de bloc.&Vous d<ciderez comment remplir la&capacit< de stockage en blocs&4x3 de l'Edelweiss.&Choisissez les pi>ces optionnelles qui&correspondent au mieux = votre propre&style de combat personnel.;;
5168;25140;34;;Heyyy, Lieutenant! Off duty today?;Heyyy, lieutenant! Au repos aujourd'hui?;;
5184;25180;94;;Your timing's perfect! There's something I want to show you.&Won't take but a minute. Come on!;Pile au bon moment! Il ya quelque chose que je&veux te montrer. Cela ne prendra qu'une minute. Vient!;;
5200;25280;76;;Ta daaa! It's the Writing on the Wall,&written and published by yours truly!;Ta daaa! C'est Les Nouvelles sur le Mur,&<crit et publi< par votre serviteur!;;
5216;25364;63;;Hmm? Why do this when I already have a radio news gig,&you say?;Hmm? Pourquoi faire cela alors que j'ai d<j=&une <mission de nouvelles = la radio, tu te dis?;;
5232;25432;110;;Sure, I could leave it up to the print news guys, but&they're all lap dogs. The government censors everything.;Bien sur, je pourrais laisser imprimer ca = la presse, mais&ce sont tous des l>ches bottes.Le gouvernement censure tout.;Bien sur, je pourrais laisser imprimer ca = la presse, mais&;ce sont tous des l>ches bottes.Le gouvernement censure tout.
5248;25548;114;;And not just a little cut here and there. In some cases,&they'll bend the harsh truth into candy-sweet propaganda.;Et pas seulement une petite coupure ici et l=. Dans certains&cas, ils vont plier la dure v<rit< en propagande mielleuse.;Et pas seulement une petite coupure ici et l=. Dans certains;&cas, ils vont plier la dure v<rit< en propagande mielleuse.
5264;25668;91;;I'm sooo sick of it. I want to give my readers the truth!&That includes the bad stuff, too.;Je suis tellement malade de cela. Je veux donner = mes&lecteurs la v<rit<! Cela inclut les mauvaises choses, aussi.;Je suis tellement malade de cela. Je veux donner = mes&lecte;lecteurs la v<rit<! Cela inclut les mauvaises choses, aussi.
5280;25764;54;;So this is my brilliant plan! The Writing on the Wall.;Donc, c'est mon plan g<nial! Les Nouvelles sur le Mur.;Donc, c'est mon plan g<nial! Les Nouvelles sur le Mur.;Donc, c'est mon plan g<nial! Les Nouvelles sur le Mur.
5296;25824;106;;Some things are only possible in out-of-the-way spots&like this, out of sight from those government goons.;Certaines choses ne sont possibles que dans des endroits =&l'<cart, hors de vue des hommes de main du gouvernement.;Certaines choses ne sont possibles que dans des endroits =&l;s =&l'<cart, hors de vue des hommes de main du gouvernement.
5312;25936;84;;I'll keep this space filled with up-to-date,&absolutely factual info. No censorship!;Je vais garder cet espace rempli avec des nouvelles,&infos absolument factuelles. Aucune censure!;;
5328;26028;92;;And your exploits will feature heavily, I'm sure!&So yeah, come by and have a read sometime!;Et vos exploits en seront lourdement la vedette, j'en suis&sur! Donc oui, revient y jeter un oeil de temps en temps!;;
5344;26128;24;;And while you're here...;Et pendant que tu es l=...;;
5360;26160;85;;I want to put a book out someday, right?&To put the truth in the hands of the people!;Je veux y sortir un livre certains jours?&Pour mettre la v<rit< dans les mains du peuple!;;
5376;26252;94;;But I'm just a radio news grunt, you know?&I'll be paying for everything out of my own pocket.;Mais je suis juste une newseuse pour la radio, tu sais?&Je vais payer pour tout de ma propre poche.;;
5392;26352;103;;Sooo, I figured I'd ask you. Think you could find it in&your wallet's heart to help a girl get started?;Alooors, j'ai pens< que je pouvais te demander.Penses-tu que&tu puisses avoir = coeur d'aider une jeune fille = d<buter?;;
5408;26460;74;;I'd make it worth your while! &You guys could feature in the book I write!;Je le ferais valoir le coup!&Vous, les gars, pourrez figurer dans le livre que j'<cris!;;
5424;26540;91;;I still haven't decided what all I want to put in it,&but I promise it'll be all about you!;Je n'ai pas encore d<cid< de tout ce que je veux y mettre,&mais je te promets que ca va $tre surtout sur vous!;;
5440;26636;64;;See this fat stack of notes?&I've got a ton of material already!;Tu vois cette grosse pile de notes?&J'ai une tonne de mat<riel d<j=!;;
5456;26708;90;;So, how about it? Call it an investment in the future&rising star of authordom! Pleeease?!;Alors, t'en pense quoi? Appelle cela un investissement sur&l'avenir de l'<toile montante des <crivains! S'il te plait?!;;
5472;26804;82;;I plan on putting out new editions periodically,&so drop by to check it out often.;J'ai l'intention de mettre de nouvelles <ditions&p<riodiquement, alors pense = v<rifier souvent.;;
5488;26892;98;;Especially after you've made some headlines on the&battlefield. That's the perfect time to strike!;Surtout apr>s que vous ayez fait quelques gros titres sur&le champ de bataille. C'est le moment id<al pour frapper!;;
5504;26996;92;;I'm counting on you out there, Welkin! &You need to keep me supplied with exciting material!;Je compte sur vous l=-bas, Welkin!&Vous devez me garder aliment<e en mati>re excitante!;;
5520;27096;70;;Heyyy! Dropping by to read the Writing on the Wall?&That's a good man!;Heyyy! Surpris en train de lire Les Nouvelles sur le Mur?&C'est un homme bien!;;
5536;27172;103;;Oh, and how about the new rising star of Squad 7, huh?&I've heard some wild stories! You must be proud.;Oh, comment va la nouvelle <toile montante de l'Escouade 7,&hein?J'ai entendu des histoires folles!Tu dois en $tre fier.;;
5552;27280;104;;I couldn't help but snipe 'em with a pop interview!&You'll have to read it once I get it all drafted up!;Je n'ai pas pu m'emp$cher de les frapper d'un interview sur-&prise! Tu pourras le lire d>s que j'aurais fini de l'<crire!;;
5568;27392;69;;So... Come to make a donation to the Get Ellet's Name&On A Book Fund?;Alors ... Venant faire un don = la&fondation Avoir le Nom d'Ellet Sur Un Livre?;;
5584;27468;27;;Ha ha ha! Thanks a million!;Ha ha ha! Un million de merci!;;
5600;27500;35;;Ta dada daa!&I've got new material!;Ta dada daa!&J'ai du nouveau en stock!;;
5616;27540;78;;Come back and see the Writing on the Wall again soon!&I'll be waiting for you!;Revenez voir encore Les Nouvelles sur le Mur bientot!&Je vous y attendrai!;;
5632;27624;363;;In an interview given on the 8th, a spokesman&for the central Gallian armed forces suggested&a massive anti-Imperial counterstrike brewing.&Should this come to pass, all eyes will be on&how a force that has thus far specialized in&retreat can stem the Imperial incursion that&claimed most of Gallia by last month's end&and now stands before the gates of Randgriz.;Dans une interview du 8, un porte-parole des&forces arm<es de Gallia a sugg<r< qu'une&contre-attaque massive <tait en maturation.&Si cela arrive, tous les yeux seront riv<s sur&la facon qu'une force, qui parait sp<cialis<e&dans la retraite, pourra endiguer l'incursion& imp<riale qui a pris une bonne partie de&Gallia = la fin du mois dernier et se situe;;
5648;27992;301;;It seems the militia will join the army proper&on this bid to free the capital from a siege,&a fear that has persisted for weeks now. Some&suggest that this move is due to the army's&desire to conserve its own manpower for combat&within the city's walls, a very real&possibility should this plan fail.;maintenant devant les portes de Randgriz.&Il semble que la milice se joindra = l'arm<e&pour cette tentative de lib<rer la capitale&d'un si>ge, crainte qui a persist< depuis des&semaines. Certains sugg>rent que ce mouvement&est du = la volont< de l'arm<e de conserver sa&puissance pour un combat = l'int<rieur de la&ville, l'<chec <tant probable.;;
5664;28300;363;;The Empire-owned and run Tares news outlet&reported on the 6th that Imperial forces have&claimed the coastal Federation city of Valua.&If true, the Empire would now hold a supply&route for ragnite transit, greatly influencing&their standing in southern Europa. Unlike the&northern provinces, Europa's south lacks for&ragnite, meaning that supplies must be shipped;Les nouvelles sorties dans Tares d<tenu par&l'Empire rapportent le 6 que les forces&Imp<riales ont captur< la ville coti>re&Valua de la F<d<ration. Si c'est vrai,&l'Empire aurait une route d'approvisionnement&en ragnite ,influencant grandement leur&situation dans le sud d'Europa. Contrairement&aux provinces du nord, le sud de l'Europa;;
5680;28668;302;;in from elsewhere to sustain the Empire's&offensive. The Empire's hold on Europa's&southern coast means expansion of the conflict&to all areas of the continent is more likely&now than ever before. The Federation has yet&to issue a statement regarding the Empire's&alleged seizure of Valua at this time.;manque de  ragnite, et donc que les&fournitures doivent venir d'ailleurs pour&soutenir l'offensive de l'Empire. Leur emprise&sur la cote sud d'Europa signifiant qu'une&expansion du conflit = tout le continent est&plus probable que jamais. La F<d<ration n'a&encore rien dit au sujet de la pr<tendue &capture de Valua par l'Empire pour l'instant.;;
5696;28976;347;;Gallia's militia brings home the glory! As the&first operation in what is likely a full-scale&counteroffensive, the 3rd Regiment reclaimed&the Great Vasel Bridge, a vital trade artery,&after rousting the Empire's local defenses on&the 14th. This officially frees Randgriz from&the need to seal its walls.&Rather than assail the Empire's bridgehead;La milice de Gallia revient victorieuse! Dans&cette premi>re op<ration de contre-offensive =&grande <chelle, le 3e R<giment a r<cup<r< le&Grand Pont de Vasel, une art>re commerciale&vitale, apr>s avoir expuls< les d<fenses de&l'Empire le 14. Cela lib>re donc Randgriz de&la n<cessit< de sceller ses murs. Plutot que&d'assaillirent la barricade de la t$te de pont;;
5712;29328;363;;barricade, the militia opted to swim a tank&across the river and attack from the rear, an&unconventional strategy to say the least. The&drawbridge was then opened, dumping the rest&of the defensive force into the drink. The man&behind this bold plan, Welkin Gunther (22), is&none other than the son of EWI hero Belgen&Gunther. This acorn hasn't fallen far at all.;de l'Empire, la milice a fait passer un char&dans la rivi>re et attaqu< par l'arri>re, une&strat<gie non conventionnelle pour le moins.&Puis le pont-levis a <t< ouvert,faisant tomber&les forces restantes dans l'eau. L'homme&derri>re ce plan audacieux, Welkin Gunther(22)&est le fils du h<ros de EWI Belgen Gunther.&Les chiens ne font pas des chats apr>s tout.;;
5728;29696;355;;On the 20th, the Gallian forces in the north&announced their retreat from the area. Though&no details were given, the Imperial takeover&of Fouzen, keystone among the north Gallian&industrial cities, is likely a chief cause.&The capture of Fouzen, a center for Gallia's&ragnite, steel and oil refineries, struck a&massive blow to the nation's productivity.;Le 20, les forces Gallienne dans le nord ont&annonc< leur retraite de la r<gion. Bien&qu'aucun d<tail n'ait <t< donn<, la prise de&controle Imp<riale de Fouzen, clef de voute&entre les villes industrielles Gallian nord,&en est probablement la cause principale. La&capture de Fouzen, un centre pour la ragnite&de Gallia, acier et raffineries d'huile,;;
5744;30056;205;;Though the meeting among Gallian army leaders,&held the day word of Fouzen's fall arrived,&lasted well into the night, no official word&has yet been issued as to a specific plan for&liberation of the city.;a frapp< d'un coup de massue = la productivit<&de la nation. Bien que la r<union entre les&dirigeants de l'arm<e de Gallia, tenue le jour&ou l'annonce de la chute de Fouzen est arriv<e&, ait dur< tard dans la nuit, aucun mot&officiel n'a encore <t< d<livr< sur un plan&sp<cifique pour la lib<ration de la ville.;;
5760;30268;359;;The militia's 3rd Regiment, partner in our&ongoing war correspondence, was successful in&seizing the Empire's supply base in the Kloden&wildwood despite interference from Empire ace&Gen. Radi Jaeger. This new victory, coming on&the heels of their Vasel win last month that&pushed the invasion back to central Gallia,&has all of Randgriz singing their praises.;La milice du 3e R<giment a r<ussi = s'emparer&de la base d'approvisionnement de l'Empire&dans Wildwood Kloden malgr< l'ing<rence de&l'As de l'Empire le g<n<ral Radi Jaeger. Cette&nouvelle victoire, dans la foul<e de leur&victoire = Vasel le mois dernier qui ont&repouss< l'invasion au centre de Gallia, fait&que tout Randgriz chante leurs louanges.;;
5776;30632;297;;Losing the Kloden base was no doubt a severe&blow to the Imperial force looking to regain&some of that lost ground, which is good news&to Gallians everywhere. It's anyone's guess&where the militia will crop up next, but their&efforts so far make one thing clear: these men&and women mean business.;Perdre la base Kloden a <t< sans aucun doute&un coup s<v>re = la force imp<riale cherchant&= reprendre une partie de ce terrain perdu, ce&qui est de bonnes nouvelles pour les Galliens&ou qu'ils soient. On ne sait pas encore ou la&milice ira prochainement, mais leurs efforts&jusqu'= pr<sent a mis une chose au clair: &ces hommes et femmes ne sont pas des rigolos.;;
5792;30936;345;;The government issued a second wave of drafts&among Gallians for the militia on the 8th.&Expected since the Empire's formal declaration&of war last month, this draft was likely made&inevitable by the recent series of losses in&the east and north. The draft will target&males, aged 30 to 45, selected based on&qualifications and their impact upon;Le gouvernement a lanc< une deuxi>me vague&d'enrolement Galliens dans la milice le 8.&Attendu depuis la d<claration de guerre&officielle de l'Empire le mois dernier,&cet enrolement a probablement <t< rendue&in<vitable par la r<cente s<rie de pertes dans&l'est et le nord. Le projet ciblera les hommes&, ag<s de 30 = 45, s<lectionn<s sur la base;;
5808;31288;220;;Gallia's normal function. The militia is also&accepting volunteers from those not included&in the second draft, but many worry about the&economic strain that further losses to the&commerce and industry sector may impose.;de leurs qualifications et de leur impact sur&le fonctionnement normal de Gallia. La milice&accepte aussi les b<n<voles pour ceux non&inclus dans le deuxi>me enrolement, mais&beaucoup s'inqui>tent de la pression sur&l'<conomie que de nouvelles pertes pour le&secteur du commerce et de l'industrie&pourraient infliger.;;
5824;31516;361;;Central Gallian command reported on the 15th&that the militia had encountered and routed a&contingent of Imperials stationed in Barious,&the culmination of a clandestine investigation&into reported Imperial activity in the area.&The badlands' topography is poorly suited to&combat maneuvers and the region holds little&to no strategic value, making the Empire's;Le centre de commandement de Gallia a rapport<&le 15 que la milice avait rencontr< et mis en&d<route un contingent d'Imp<riaux stationn<es&dans Barious, l'aboutissement d'une enqu$te sur&l'activit< Imp<riale signal<e dans la r<gion.&La topographie des badlands est mal adapt<e&aux manoeuvres de combat et de la r<gion n'a&plus ou moins aucune valeur strat<gique,;;
5840;31884;183;;goal there unclear. One theory suggests that&the desert region is home to an as-yet-unmined&lode, and that Imperial forces were stationed&there for the purpose of ragnite speculation.;rendant l'objectif de l'Empire&incompr<hensible. Une th<orie sugg>re que la&r<gion d<sertique a un filon non encore non&exploit<, et que les forces imp<riales <taient&stationn<es l=-bas dans un but de prospection&de ragnite.;;
5856;32072;344;;During a press session on the 10th, Gallian&Prime Minister Borg called for talks with&Federation Ambassador Townshend, slated to&visit Gallia at the end of the month.&In light of the increasingly complex conflict&between the Federation and Empire, however,&many suspect the Federation views this as a&chance to acquire Gallia for its resources.;Lors d'une conf<rence de presse le 10, le&Premier Ministre Borg a appel< = entamer des&n<gociations avec l'Ambassadeur Townshend de&la F<d<ration qui devrait visiter Gallia = la&fin du mois. A la lumi>re des rapports entre&la F<d<ration et l'Empire,beaucoup soupconnent&la F<d<ration de voir cela comme une chance&d'acqu<rir Gallia pour ses ressources.;;
5872;32424;340;;"This announcement has been met with vehement&opposition from members of the Parliament with&strong ties to the former Imperial cartels.&Ambassador Townshend responded to the invite&in a public address, stating that he ""firmly&believes that joining hands to thwart the&Empire's hubristic ambitions is essential to&assuring peace for Europa.""";Cette annonce a rencontr< la v<h<mente&opposition de la part des membres du Parlement&ayant avec des liens <troits avec les anciens&cartels imp<riaux. L'Ambassadeur Townshend a&r<pondu = l'invitation en d<clarant qu'il&£croit fermement que se serrer les coudes pour&contrecarrer les ambitions arrogantes de&l'Empire est essentiel pour assurer la paix.£;;
5888;32772;353;;Central Gallian command reports that a recent&chance encounter with Maximilian, Imperial&commander of the Gallian invasion, near the&ruins in central Barious ended in the&Empire's defeat and retreat from the badlands.&Speaking with one Gallian soldier who fought&in the desert operation revealed a shocking&eyewitness account of one female soldier among;Le centre de commandement Gallien rapporte&qu'une rencontre fortuite avec Maximilien,&commandant Imp<rial d'invasion de Gallia, pr>s&des ruines de Barious se termina par la&d<faite et la retraite de l'Empire. Un soldat&Gallien qui a combattu dans l'op<ration nous a&fait un compte rendu choquant qu'une femme&soldat parmi l'arm<e ennemie aurait envoy<;;
5904;33132;364;;the Empire's army batting a tank shell out of&the air by brute force. Army doctors looked&into the possibility of combat stress-induced&hallucination, but several other testimonies&have arisen to corroborate this wild account.&Other reports suggest she resembled one of the&Valkyrur of legend, while the Gallian Army has&issued no official statement on the matter.;un obus de char en l'air par force brute. Les&m<decins de l'arm<e pensaient = une&hallucination induite par le stress, mais&plusieurs autres t<moignages ont surgi pour&corroborer ce compte rendu un peu fou.D'autres&rapports sugg>rent qu'elle ressemblait = l'une&des Valkyrur de la l<gende,mais l'arm<e n'a&fait aucune d<claration officielle sur ceci.;;
5920;33504;366;;Chief Valence of the Gallian Geological Survey&reported recent discoveries of three new lodes&of ragnite amid the southeastern mountains.&Imperial capture of the key cities in ragnite-&rich northern Gallia has meant a steady drain&on domestic productivity. Paired with a rising&demand for ragnite for military uses, scarcity&of the ore has become a critical problem.;Le Chef Valence de la Commission g<ologique de&Gallia a rapport< la d<couverte de 3 nouveaux&filons de ragnite dans les montagnes du&sud-est. La capture des villes cl<s dans le&nord riche en ragnite a entrain< une baisse de&la productivit< nationale. Avec une demande&croissante pour des usages militaires, sa&raret< est devenue un probl>me critique.;;
5936;33876;269;;"At the latest Survey meeting, Chief Valence&stated that the new discovery would ""likely&go a long way toward filling the vacuum that&has hounded the Gallian energy supply of late.""&Investigations into the size and quality of&the newly found lode are currently underway.";Lors de la derni>re r<union de la Commission,&chef Valence a d<clar< que la nouvelle&d<couverte devrait £aller probablement dans le&bon sens en vue de combler le vide qui a&frapp< l'approvisionnement <nerg<tique Gallien&derni>rement.£ Les recherches sur la taille et&la qualit< du filon nouvellement trouv< sont&actuellement en cours.;;
5952;34152;363;;After months of deadlock, the southern Gallian&force broke through the defenses at Norville&on the 14th. Built along a natural wall of&thick forest, the enemy encampment had managed&to resist all prior advances. According to the&official report, Regiment 10 of Gallia's Army&was responsible for this victory, but our on-&site correspondent calls it a militia win.;Apr>s des mois d'impasse, la force sud de&Gallia a franchi les d<fenses = Norville le 14&Construit le long du mur naturel de la for$t&<paisse, le campement ennemi avait r<sister =&toutes les tentatives ant<rieures. Selon le&rapport officiel, le R<giment 10 aurait obtenu&cette victoire, mais notre correspondant sur&place dit que le m<rite en revient = la milice;;
5968;34520;364;;En route back from their operation at Barious,&Squad 7 of the militia's 3rd Regiment met with&a surprise attack from the Imperial defenses&at Norville and engaged the enemy in combat.&Squad 7's brilliant efforts created a crack in&the Empire's defense that Army Regiment 10 was&able to exploit in a swift blitz, breaking the&Norville defensive line apart for good.;En revenant de leur op<ration = Barious,&l'Escouade 7 de la milice du 3i<me R<giment a&fait une attaque surprise sur les d<fenses&imp<riales de Norville et engag< l'ennemi.&Leurs brillants efforts ont cr<< une br>che&dans la d<fense de l'Empire que le R<giment 10&de l'Arm<e a <t< en mesure d'exploiter dans un &blitz rapide,finissant la capture pour de bon.;;
5984;34892;346;;An EGP release issued on the 20th announced&that the Glory of Speed (GOS), Europa's top&motor race, has been called off for the year.&This marks the first such cancellation in the&event's 24-year history, likely the result of&difficulties in hosting an international race&of this scale amid the worsening conflicts&unfolding across the continent.;Un communiqu< d'EGP <mis le 20 a annonc< que&la Glory of Speed (GOS), la course automobile&d'Europa, a <t< annul<e cette l'ann<e. C'est&la premi>re annulation sur les 24 ans&d'histoire de l'<v<nement, venant probablement&de la difficult< d'accueillir une course&internationale de cette ampleur au milieu des&conflits dans le continent.;;
6000;35244;365;;The progress being made by automobile makers&today is largely drafted into military use,&and more than a few manufacturers have spurned&such public events for fear of trade (and by&extension, government) secrets being leaked,&further informing the decision to call off the&race. These explanations offer little solace,&though, to disappointed racers and their fans.;Les progr>s r<alis<s par les constructeurs&automobiles sont en grande partie d<di< aux&usages militaires, de plus quelques fabricants&ont repouss< ces <v<nements publics par&crainte que leurs secrets fuitent, expliquant&ainsi leur d<cision d'abandonner la course.&Ces explications offrent peu de r<confort &pour les coureurs et leurs fans d<cus.;;
6016;35616;370;;A Wall-exclusive scoop! Early morning on the&23rd, Princess Cordelia was abducted and taken&forcibly from the grounds of Castle Randgriz.&Subsequent investigation has shown the culprit&was Federation Ambassador Townshend, in Gallia&on an official visit. After a banquet at the&castle, he forced the princess into an armored&vehicle he had prepared and made for the port.;Un scoop exclusif du Mur! Tot le matin du 23,&la princesse Cordelia a <t< enlev<e et emmen<e&de force de l'enceinte du Chateau Randgriz.&L'enqu$te a montr< que le coupable <tait&l'ambassadeur Townshend de la F<d<ration, ici&pour une visite officielle. Apr>s le banquet&, il a forc< la princesse = monter dans un&v<hicule blind< et est parti pour le port.;;
6032;35992;328;;Thankfully, his escape was thwarted by members&of Squad 7 of the Gallian militia, who safely&recovered Princess Cordelia in time.&The Gallian government has declined to address&this matter publicly, likely in an effort not&to endanger relations with the Federation&while Gallia remains locked in combat with the&Empire's forces.;Heureusement, son <vasion a <t< contrecarr<e&par l'Escouade 7 de la milice, qui a r<cup<r<&= temps la princesse Cordelia. Le gouvernement&Gallien a refus< d'aborder cette question&publiquement, probablement dans un effort de&ne pas compromettre les relations avec la&F<d<ration alors que Gallia est engag< dans&le combat avec les forces de l'Empire.;;
6048;36328;365;;Castle Randgriz's Audience Hall saw an award&ceremony on the 28th in which militia officer&Lieutenant Welkin Gunther (22) was presented&the prestigious Gallian Medal of Honor, given&to those who have gone above and beyond the&call of duty in service of Gallia's interests.&The unicorn-emblazoned medal was presented by&Princess Cordelia herself, who also graced the;La salle d'audience du Chateau Randgriz fut&le th<atre le 28 d'une c<r<monie de r<compense&dans laquelle le lieutenant Welkin Gunther(22)&a recu  la prestigieuse M<daille d'Honneur&Gallienne, donn<e = ceux qui ont grandement&servi les int<r$ts de Gallia. La m<daille&orn<-d'une-licorne a <t< pr<sent< par la&princesse Cordelia elle-m$me, qui a <galement;;
6064;36700;357;;"young soldier with wishes for his continued&loyalty. After the ceremony, Gunther addressed&the press, saying that he hoped to ""do right&by this honor by becoming a better man and&officer,"" medal hung proudly around his neck.&The Gunther family has the rare distinction of&being among the first to receive this highest&of awards twice in as many generations.";honor< le jeune soldat avec des souhaits pour&que sa loyaut< perdure. Apr>s la c<r<monie,&Gunther s'est adress< = la presse, disant&qu'il esp<rait £r<pondre = cet honneur en&devenant un meilleur homme et officier,£.&La famille Gunther a la rare distinction&d'$tre parmi les premi>res = recevoir la plus&haute des r<compenses 2 fois en 2 g<n<rations.;;
6080;37064;356;;On the 10th, central Gallian forces were&successful in freeing the northern industrial&cities from Imperial control. The Gallian Army&and militia worked in tandem to take Fouzen,&Dieseehl and Janluc back simultaneously.&Surviving members of the Empire's defense were&seen staging a mass retreat from the north as&the Gallian Army began its seek-and-destroy;Le 10, les forces centrales de Gallia ont&r<ussi = lib<rer les villes industrielles du&Nord du controle imp<rial. L'arm<e de Gallia&et les milices ont travaill< en tandem pour&reprendre Fouzen, Dieseehl et Janluc &simultan<ment. Les membres survivants de la&d<fense de l'Empire ont <t< vus faire retraite&en masse du nord alors que l'arm<e Gallienne a;;
6096;37428;307;;mission, Operation White Steed. As they hunt&down those stragglers, northern Gallia is now&all but completely free of Imperial influence.&Just as the loss of the industrial centers had&meant a heavy drain on its finances, their&liberation is now expected to act as a shot&in the arm for the Gallian economy.;commenc< sa mission recherche et destruction,&l'op<ration Cheval Blanc.Alors qu'ils traquent&ces trainards, le nord de Gallia est&maintenant quasi libre de toute influence&imp<riale. Tout comme la perte des centres&industriels a entrain< une forte ponction sur&ses finances, leur lib<ration devrait&agir comme un coup de fouet pour l'<conomie.;;
6112;37740;342;;Books on the Valkyrian legend are selling in&record numbers of late, according to a recent&Gallian Literary Review survey, titles that&promise the truth behind the mystery of the&ancient tribe are enjoying special success.&The Valkyria myth has ties today to religion&and history alike and lends base material to&any number of popular novels.;Les livres sur la l<gende Valkyrian se vendent&en nombre record derni>rement, selon un r<cent&sondage Gallian Literary Review,les titres qui&promettent la v<rit< sur les myst>res de&l'ancienne tribu connaissent le succ>s.&Le mythe Valkyria tisse des liens aujourd'hui&avec la religion et l'histoire et il est la&mati>re de base de nombreux romans populaires.;;
6128;38088;361;;The reason for this sudden boom may well lie&in the uncertainties of a nation at war. One&poll recently confirms the common-sense notion&that in times of peril, people are more likely&to turn to religion to pray for salvation.&Recent claims of a Valkyria working for the&Imperial army, still believed spurious, are no&doubt also helping to push the trend along.;La raison de ce boom soudain pourrait r<sider&dans les incertitudes d'une nation en guerre.&Un sondage confirme la notion de bon sens qui&veut qu'en temps de p<ril, les gens sont plus&enclins = se tourner vers la religion.&L'affirmation qu'une Valkyria travaille pour&l'arm<e imp<riale, simulation ou pas, a sans &aucun doute contribu< = cette tendance.;;
6144;38456;371;;After a heated struggle, the 3rd Regiment took&the sanguine shore of Marberry, the Empire's&final holding in northern Gallia. Surrounded&by sheer cliffs, Marberry is a natural citadel&that has proved impossible to fell in previous&bids staged by the Gallian Army. The militia's&strategy hinged upon a newly developed form of&smokescreen grenade to mask their approach and;Apr>s une apre lutte, le 3e R<giment a pris la&rive de Marberry, le dernier bastion Imp<rial&du nord de Gallia. Entour< par d'abruptes&falaises, Marberry est une citadelle naturelle&qu'il s'etait av<r< impossible = abattre pour&l'arm<e de Gallia. La strat<gie de la milice,&articul< autour d'une grenade fumig>ne&nouvellement d<velopp< pour masquer leur;;
6160;38832;358;;baffle Imperial gunmen. The inventor of those&life-saving grenades, Corp. Isara Gunther (16),&was a tank pilot for Squad 7 and promised to&be one of Gallia's great minds in engineering&until Imperial fire at the end of this mission&claimed her life. Her loss is a blow to the&nation, and to her squad, who saw her buried&in the War Cemetery near the capital.;approche et d<router l'infanterie imp<riale.&L'inventeur de ces grenades sauveuse de vie,&Capo. Isara Gunther (16), <tait promise = $tre&l'un des grands esprits dans l'ing<nierie mais&un tir Imp<rial a fauch< sa vie = la fin de&cette mission. Sa perte est un coup dur pour&la nation et l'Escouade7, qui la vit enterr< &dans le Cimeti>re de Guerre de la capitale.;;
6176;39196;355;;As EWII continues to expand in intensity and&scale, the number of war orphans has climbed&to new record highs. According to a recent&study by EWORF (the Europan War Orphan Rescue&Fund, an NGO), the number of children who have&lost parents is rivaled only by the number who &have lost access to educational facilities &despite an expressed desire to learn.;Comme EWII continue de s'aggraver, le nombre&d'orphelins de guerre a grimp< = de nouveaux&records. Selon une <tude r<cente men<e par&EWORF (le Fonds de sauvetage des Orphelins&de Guerre d'Europa, une ONG), le nombre&d'enfants qui ont perdu leurs parents n'a&d'<gal que le nombre qui ont perdu l'acc>s =&l'<cole, malgr< leur d<sir d'apprendre.;;
6192;39556;365;;Gallia is no exception to this continent-wide&trend, though its Parliament voiced plans for&securing basic education and job training in a&recent session. EWORF has approached leaders&from each of Europa's nations, calling for the&establishment not just of orphanages, but of a&full infrastructure to support these children&as they grow into self-supporting adults.;Gallia ne fait pas exception = cette tendance&= l'<chelle du continent,bien que le Parlement&ait fait des plans pour assurer l'<ducation et&les formations aux emplois. EWORF a approch<&les dirigeants de chacune des nations d'Europa&,appelant = la mise en place non seulement des&orphelinats, mais l'infrastructure compl>te&apte = assurer le futur de ces enfants.;;
6208;39928;361;;A recent release from Gallia's central forces&confirmed that the border town of Bruhl was&successfully taken from Imperial control.&The armies of Gallia and the Empire now stand&face-to-face along the massive Naggiar plains,&braced for a direct and all-out clash. Bruhl&represents a key Imperial supply route, making&this militia win one with repercussions that;Un r<cent communiqu< des forces de Gallia a&confirm< que la ville frontali>re de Bruhl a&<t< reprise avec succ>s. Les arm<es de Gallia&et l'Empire se tiennent d<sormais face-=-face&dans les <normes plaines de Naggiar,fortifi<es&pour un affrontement massif.Bruhl repr<sentait&une ligne d'approvisionnement Imperial&essentielle, ce qui fait que cette victoire de;;
6224;40296;308;;extend far beyond this small border town.&In a remarkable coincidence, the officer who&led the Bruhl operation and leader of the&militia's Squad 7, Welkin Gunther (22), is a&Bruhl native himself. He returned to claim&his town from the Empire after being ousted by&their original invasion over six months ago.;la milice a des r<percussions qui s'<tend bien&au-del= de cette petite ville frontali>re.&Coincidence remarquable, l'officier qui a&dirig< l'op<ration Bruhl le leader d'Escouade&, Welkin Gunther (22), est un natif Bruhl lui&m$me. Il est retourn< reprendre sa ville =&l'Empire apr>s en avoir <t< <vinc< par leur&invasion d'origine il y a plus de six mois.;;
6240;40612;361;;Randgriz National University Department of&Archeology reported a theft from its archives&on the 15th. The objects in question are two&artifacts of unknown age unearthed last year&from a university dig site in Barious, and are&said to contain exceptionally pure ragnite.&Though their creation likely predates written&history, their shapes bear strong resemblance;Le D<partement d'Arch<ologie de l'Universit<&Nationale de Randgriz a signal< un vol dans&ses archives le 15.Les objets en question sont&2 objets d'age inconnu d<couverts l'ann<e&derni>re lors d'une fouille universitaire sur&le site de Barious, et que l'on dit contenir&du ragnite d'une puret< exceptionnelle. Bien&que leur cr<ation soit susceptible d'$tre;;
6256;40980;302;;to the lance and shield spoken of in the myth&of the Valkyrur. Whether these were truly used&by the warriors of legend or whether they bore&ceremonial significance remains unclear.&An investigation into who was behind the&missing items is currently underway, but no&leads have surfaced at present time.;ant<rieure = histoire <crite, leurs formes&ressemblent beaucoup aux lance et boucliers&mentionn<s dans le mythe des Valkyrur. Que&ceux-ci aient <t< utilis<s par les guerriers&de l<gende ou n'avaient qu'une importance&c<r<monielle reste incertain. Une enqu$te sur&l'auteur de ce vol est en cours, mais aucune&piste n'est privil<gi<e = l'heure actuelle.;;
6272;41288;365;;The Gallian Army engaged the Empire at Naggiar&on the 20th in the start of what promises to be&an all-out confrontation. The opposing armies&combine to number several tens of thousands as&both nations' principal forces clash. Details&from the battlefield are still sparse, but our&investigation shows that the offensive&launched against the Empire's right flank was;L'arm<e de Gallia a engag< l'Empire = Naggiar&le 20 dans le d<but de ce qui promet d'$tre&une confrontation totale. Les arm<es oppos<es&se combinent pour un effectif de plusieurs&dizaines de milliers pour une confrontation&des forces principale des deux nations.&Les d<tails du champ de bataille sont encore&rares, mais notre enqu$te montre que;;
6288;41660;297;;completely wiped out by armored units led by&Imperial Gen. Selvaria Bles. Bles, said to be&descended from the ancient Valkyrur, has&single-handedly defeated every squad Gallia&has sent her way since the hostilities at&Naggiar began. The Gallian Army has yet to&officially comment on the situation.;l'offensive lanc<e contre le flanc droit de&l'Empire a <t< compl>tement an<antie par des&unit<s blind<es men<es par le g<n<ral Imperial&Selvaria Bles. Bles, que l'on dit descendante&des Valkyrur, a = elle seule battu toutes les&Escouade que Gallia a envoy< sur son chemin&depuis le d<but des hostilit<s. L'arm<e n'a&fait aucun commentaire sur la situation.;;
6304;41964;341;;"Gallian government officials announced on the&17th that national qualifying examinations for&all trades will be cancelled. ""The ongoing&conflict has made safe and fair testing an&impossibility,"" authorities related at a press&conference. The cancelled tests correspond to&qualifications for six trades, with the baker&trade being the oldest.";Le gouvernement de Gallia a annonc< le 17 que&les examens de qualification nationaux pour&les m<tiers sont annul<s. £Le conflit en cours&a fait qu'un test sur et <quitable soit une&impossibilit<,£ ont racont< les autorit<s =&une conf<rence de presse. Les tests annul<es&correspondent aux qualifications pour six& m<tiers,  la boulangerie <tant le plus ancien.;;
6320;42312;294;;Gallian law has long required every baker to&train under a meister until he or she passes&the national exams to become a meister and&operate their own bakery in turn.&For the sake of Gallia's future bakers, as for&all the nation's people, it is imperative that&this war end as soon as possible.;La loi de Gallia exige depuis longtemps que&tout boulanger soit form< sous un meister&jusqu'= ce qu'il ou elle passe les examens&nationaux afin de devenir un Meister et&d'exploiter leur propre boulangerie = son tour&.Par souci pour le futur des boulangers de&Gallia, comme pour tous les gens de la nation&, il est imp<ratif que la guerre s'arr$te.;;
6336;42612;369;;The morning of the 28th brought news of the&Gallian force's victory at Naggiar. Though the&exact figures are still unclear, it is safe to&say that this win came at significant cost in&Gallian lives, with at least as many Imperial&casualties to match. That cost might have been&far greater had a second Valkyria not emerged&from among the Gallian force. In a duel fought;Le 28 au matin a apport< la nouvelle de la&victoire de la force de Gallia = Naggiar. Bien&que les chiffres exacts ne soient pas encore&clairs, on peut dire que cette victoire a eu&un cout prohibitif en vie Gallienne, et au&moins autant cot< Imp<rial. Cela aurait pu $tre&pire s'il n'y avait pas eu l'<mergence d'une &deuxi>me Valkyria parmi la force de Gallia.;;
6352;42988;288;;with the lances and shields of legend, it was&the Gallian woman who claimed victory, and the&remaining Imperial defenses fell soon after.&Though Army officials have issued no comment&on the Gallian Valkyria, the survivors of the&Naggiar operation likely have her to thank for&their lives.;Dans un duel, combattant avec les lances et&boucliers de la l<gende, c'est la femme de&Gallia qui a obtenu la victoire, et les&d<fenses imp<riales restantes sont tomb<es peu&de temps apr>s. Bien que les responsables de&l'arm<e n'aient <mis aucun commentaire sur la&Valkyria Gallienne, les survivants de Naggiar&peuvent surement la remercier d'etre en vie.;;
6368;43284;354;;The EHRI (Europan Human Rights Initiative) has&asked the continent's leaders to address the&mounting refugee problem. Armed conflict and&displaced people have long gone hand in hand,&but the current condition of Europa has&refugee numbers higher than ever recorded, and&the question of how to help them is fast&becoming a paramount issue. EHRI volunteers;L'EHRI (Action pour les droits de l'homme&d'Europa)a demand< aux dirigeants du continent&de r<gler le probl>me croissant des r<fugi<s.&Les conflits arm<s et les personnes d<plac<es&vont de pair depuis longtemps, mais le nombre &de r<fugi<s actuel est le plus <lev<e jamais&enregistr<, et comment les aider devient&une question primordiale. Les b<n<voles EHRI;;
6384;43644;353;;"are slated to be sent to camps all over the&continent to offer much-needed food and&medical treatment to their inhabitants.&Ben Tamal, an EHRI spokesman who has worked on&behalf of refugees for two decades, stated,&""Man's hopes for peace are hollow without the&will to cast aside superficial differences in&race, nation and religion in order to win it.""";ont pr<vus d'aller dans les camps partout sur&le continent afin d'offrir la nourriture et&traitement m<dical n<cessaire aux r<fugi<s.&Ben Tamal,un porte-parole EHRI, a d<clar<:&£Les espoirs de paix sont vides sans la&volont< de mettre de cot< les diff<rences&superficielles de race, de nation et de la&religion pour la gagner.£;;
6400;44004;367;;An Army relay has confirmed that Gallia took&the citadel at Ghirlandaio in the latest clash&at Gallia's border. The erstwhile headquarters&of the Imperial command fell after the Army&opened its front gates with an explosive rail-&car and subsequently flooded inside. Though no&official numbers were released, the operation&cost Gallia's forces significant casualties.;Une info de l'arm<e a confirm< que Gallia a&pris la citadelle de Ghirlandaio = la&fronti>re de Gallia. L'ex quartier g<n<ral du&commandement Imp<rial  est tomb< apr>s que&l'Arm<e ait ouvert ses portes avant avec un&wagonnet explosif puis envahis l'int<rieur.&Bien qu'aucun chiffre officiel n'ait <t< donn<& Gallia aurait eu des pertes importantes.;;
6416;44376;353;;Early the following morning, a huge explosion&of unknown cause razed the surrounding area,&annihilating the primary division of Gallia's&army with it. Commander of the central Gallian&force, Gen. Damon, was also lost in the blast.&At present, experts suspect an accident in the&citadel's armory as the cause, but no firm&details have yet been uncovered.;Tot le lendemain matin, une <norme explosion&de cause inconnue a ras< la r<gion alentour,&an<antissant la division principale de l'arm<e&de Gallia. Le Commandant de la force centrale&de Gallia, le G<n<ral Damon, a <galement <t<&perdu dans l'explosion.Les experts soupconnent&un accident dans l'arsenal de la citadelle,&mais aucun d<tail exact n'a encore <t< r<v<l<.;;
6432;44736;350;;In an independent investigation into the blast&at Ghirlandaio, our correspondent found the&blast radius and conditions of the aftermath&closely matched those in the Dreston &Incident within the Empire during EWI.&Caused when an explosion within the arsenal at&one Imperial outpost started a chain reaction&among weapons, gunpowder and a massive store;Dans une enqu$te ind<pendante sur l'explosion&= Ghirlandaio, notre correspondant a trouv<&que le rayon et l'<tat des s<quelles&correspondent <troitement = ceux de l'Incident&Dreston dans l'Empire au cours de EWI. Caus<e&quand une explosion au sein de l'arsenal d'un&avant-poste imp<rial a commenc< une r<action&en chaine avec les armes, la poudre et un;;
6448;45092;351;;of ragnoline, the blast erased most of Dreston&and remains one of the largest ever recorded.&The Gallian military has maintained its claim&that an investigation is underway, offering no&further comment on the matter.&Eyewitness accounts confirm the characteristic&blue glow of ragnite was present, reinforcing&the possibility of a ragnoline explosion.;stock massif de ragnoline, l'explosion a ras<&quasi totalement Dreston et reste l'une des&plus importantes jamais enregistr<es. L'arm<e& annonce seulement qu'une enqu$te est en cours&, n'offrant aucun autre commentaire. Des&t<moignages confirment que la lueur bleue&caract<ristique de la ragnite <tait pr<sente,&renforcant la th<orie d'explosion de ragnoline;;
6464;45448;360;;"The massive vehicle spotted exiting the Kloden&wildwood has been confirmed as the dreadnought&""Marmota."" Developed in secret, this marks&the weapon's first use in real combat.&Faced with the absence of Gallia's Army, the&militia and Randgriz Royal Guard joined hands&in Operation Maiden's Shield, a bid to destroy&the Imperial juggernaut as it traveled a gully";Le v<hicule massif rep<r< sortant du Wildwood&Kloden a <t< identifi< comme le dreadnought&£Marmota.£ D<velopp< en secret, c'est la&premi>re utilisation de l'arme en combat r<el.&La milice et la Garde Royale de Randgriz se&sont joints pour l'Op<ration Bouclier de la&Vierge, dans le but de d<truire le mastodonte&Imperial alors qu'il passait dans un ravin;;
6480;45816;327;;shortly after leaving Kloden. Though the team&effort managed to inflict damage to the tank's&starboard hull, the operation ended in failure&and the loss of most of the Royal Guard.&Upon word of this, Gallian Army HQ ordered the&capital placed under maximum security, with&defensive patrols stationed along the&city's perimeter.;peu apr>s avoir quitt< Kloden. Bien que le&travail d'<quipe a inflig< des d<gats = la&coque tribord du char, l'op<ration s'est&termin<e par un <chec et la perte de la&plupart des Gardes Royaux. Apres en avoir eu&connaissance, le QG de l'Arm<e de Gallia a&plac< la capitale sous s<curit< maximale, avec&des patrouilles sur le p<rim>tre de la ville.;;
6496;46148;337;;"The Europan Transnational Union's Security&Council entreated the warring Federation and&Empire on the 4th to come together for peace&talks, brokered by the ETU.&An emissary sent to meet separately with the&foreign ministers of both nations reported a&disappointing result. ""Truly saddening,"" he&proclaimed. ""Neither power showed any sign";Le 4, le Conseil de s<curit< de l'Union&transnationale d'Europa supplia les&bellig<rantes F<d<ration et Empire de se&r<unir pour des pourparlers de paix, n<goci<s&par l'ETU. Un <missaire envoy< voir s<par<ment&les ministres des Affaires <trang>res des deux&pays a rapport< un r<sultat d<cevant.&£Vraiment triste,£ at-il proclam<.;;
6512;46492;205;;"of interest regarding a compromise that might&end this bloodshed."" Seeing the possibility&of peace talks nipped in the bud makes it seem&likely that the conflict will grow more heated&still before abating.";£Aucune des puissances n'a montr< de signe&d'int<r$t concernant un compromis qui pourrait&mettre fin = cette effusion de sang.£ Voir la&possibilit< de pourparlers de paix <touff<&dans l'oeuf fait paraitre probable que le&conflit va se faire encore plus ardent avant&de diminuer.;;
6528;46704;358;;The 3rd Regiment, our correspondence partners&in the Gallian militia, succeeded in putting&Imperial tank ace Gen. Radi Jaeger to rout at&Vasel, a stone's throw away from the capital.&With Jaeger defeated, the Empire's invading&force consists solely of the Marmota,&still on the advance towards Randgriz's gates,&and an accompanying squad following behind it.;Le 3e R<giment, nos partenaires de&correspondance dans la milice Gallian, a&r<ussi = mettre l'As des chars Imperial le&G<n<ral Radi Jaeger en d<route = Vasel, = un&jet de pierre de la capitale. Avec Jaeger&vaincu, la force d'invasion de l'Empire se&compose uniquement du Marmota, toujours en&progression vers les portes de Randgriz, et;;
6544;47068;258;;This miraculous win has given Gallia a spark&of the hope that was all but lost after the&failure of Operation Maiden's Shield.&In the wake of their victory, the militia has&taken hold of the Great Vasel Bridge and begun&to move out in pursuit of the Marmota.;une escouade d'accompagnement qui suit&derri>re.Cette victoire miraculeuse a donn< =&Gallia une <tincelle d'espoir qui avait <t<&presque perdue apr>s l'<chec de l'op<ration&Bouclier de la Vierge. Dans la foul<e de leur&victoire, la milice s'est empar<e du Grand&pont de Vasel et a commenc< = se d<placer =&la poursuite de la Marmota.;;
6560;47332;358;;The Gallian government has issued an emergency&draft of all able-bodied Randgrizers to form a&last-ditch defensive line against the incoming&Imperial dreadnought Marmota. The draft&encompasses everyone ages 15 to 29, as well as&men of ages 30 to 45. Because of its grave&ramifications for Gallia's economy, only&Princess Cordelia possesses the constitutional;Le gouvernement de Gallia a <mis un enrolement&d'urgence aupr>s de tous les Randgrizers&valides pour former une ligne d<fensive de la&derni>re chance contre le dreadnought Marmota.&Cela englobe les 15 = 29ans, ainsi que des&hommes de 30 = 45. En raison des cons<quences&pour l'<conomie de Gallia, seul la princesse&Cordelia poss>de le droit Constitutionnel;;
6576;47696;358;;right to enact this third draft. The Princess,&however, has not been seen in public since her&appearance at a Parliamentary meeting late&last month, and rumors from within Castle&Randgriz suggest she may be seriously ill.&At present, Prime Minister Borg is handling&nearly all of Gallia's political affairs, with&this draft proposal bearing his name as well.;d'<dicter ce troisi>me enrolement. Cependant,&la princesse n'a pas <t< vue en public depuis&une r<union parlementaire = la fin du mois&dernier, et les rumeurs sugg>rent qu'elle&serait peut $tre gravement malade. = l'heure&actuelle, le Premier ministre Borg s'occupe de&presque toutes les affaires politiques, son&nom <tant appos< aussi pour cet enrolement.;;
