1988;39108;4;; Yes; Oui
2068;39120;4;;  No;   Non
2148;39132;18;;View this episode?;Voir cet <pisode?
2228;39156;23;;Return to Headquarters?;Retour au quartier g<n<ral?
2308;39184;29;;A new episode has been added.;Un nouvel <pisode a <t< ajout<.
2388;39220;38;;The Headquarters tab is now available.;L'onglet Quartier G<n<ral est disponible.
2468;39264;35;;The Personnel tab is now available.;L'onglet Personnel est maintenant disponible.
2548;39304;34;;The Weaponry tab is now available.;L'onglet Armement est maintenant disponible.
2628;39344;34;;The Glossary tab is now available.;L'onglet Glossaire est maintenant disponible.
2708;39384;36;;The Skirmishes tab is now available.;L'onglet Escarmouches est disponible.
2788;39428;36;;The Statistics tab is now available.;L'onglet Statistiques est disponible.
2868;39472;37;;The Decorations tab is now available.;L'onglet D<corations est disponible.
2948;39516;31;;The Music tab is now available.;L'onglet Musique est disponible.
3028;39552;28;;A new report has been added.;Un nouveau rapport a <t< ajout<.
3108;39588;36;;Castlefront Street is now available.;Rue du Chateau est disponible.
3188;39632;34;;The War Cemetery is now available.;Le cimeti>re de guerre est disponible.
3268;39672;35;;The Audience Hall is now available.;La salle d'audience est disponible.
3348;39712;35;;The Personnel tab has been updated.;L'onglet Personnel a <t< mis = jour.
3428;39752;34;;The Weaponry tab has been updated.;L'onglet Armement a <t< mis = jour.
3508;39792;34;;The Glossary tab has been updated.;L'onglet Glossaire a <t< mis = jour.
3588;39832;37;;Cordelia awaits in the Audience Hall.;Cordelia attend dans la salle d'audience.
3668;39876;37;;A new skirmish battle has been added.;Une nouvelle bataille escarmouche a <t< ajout<e
3748;39920;36;;Hard difficulty added to Skirmishes.;Mode Difficile ajout< = escarmouches.
3828;39964;23;;Read through the story.;Lisez l'histoire.
3908;39992;11;;Squad 7 Log;Log Escouade 7 
3988;40008;44;;Read in detail about the members of Squad 7.;Lire les d<tail sur les membres de Escouade 7.
4068;40060;48;;View information on the weapons used in the war.;Voir des informations sur les armes utilis<es dans la guerre.
4148;40116;44;;Read up on the world of Valkyria Chronicles.;Renseignez-vous sur le monde de Valkyria Chronicles.
4228;40168;46;;Head out into battle to strengthen your squad.;Dirigez-vous dans la bataille pour renforcer votre <quipe.
4308;40220;33;;View a list of battle statistics.;Voir une liste de statistiques de bataille.
4388;40260;34;;View a list of decorations earned.;Afficher la liste des d<corations gagn<es.
4468;40300;43;;Listen to the music of Valkyria Chronicles.;<couter la musique de Valkyria Chronicles.
4548;40348;10;;Ch. Select;Choix Chapitre
4628;40364;12;;Headquarters;Quartier g<n<ral
4708;40384;9;;Personnel;Personnel
4788;40400;8;;Weaponry;Armes
4868;40416;8;;Glossary;Glossaire
4948;40432;10;;Skirmishes;Escarmouches
5028;40448;10;;Statistics;Statistiques
5108;40464;11;;Decorations;D<corations
5188;40480;5;;Music;Musique
5268;40492;10;;Ch. Select;Chapitres
5348;40508;10;;Tab Select;Onglets
5428;40524;4;;Save;Enregistrer
5508;40536;7;;Options;Options
5588;40548;12;;Title Screen;Ecran Titre
5668;40568;5;;Close;Fermer
5748;40580;67;;        Choose the chapter you wish to read and continue the story.;  Choisissez le chapitre dont vous souhaitez lire et continuer l'histoire.
5828;40652;63;;            Choose a tab within Book Mode to view its contents.;  Choisissez un onglet du Mode Livre pour afficher son contenu.
5908;40720;59;;                 Save your progress to the hard disk drive.;   Sauvegardez votre progression sur le lecteur de disque dur.
5988;40784;55;;                    Make changes to your game settings.;   Apporter des modifications = vos param>tres de jeu.
6068;40844;68;;          Return to the Title Screen. Unsaved progress will be lost.; Retour = l'<cran titre. Les progr>s non sauv<s seront perdues.
6148;40920;47;;                                Close the Menu.;                                 Fermez le menu.
6228;40972;9;;Turn Page;Tourner la page
6308;40988;11;;Switch Tabs;Changer d'onglet
6388;41004;3;;???;???
6468;41012;56;;         Prologue: Gallia, to Arms!     £Europan War II£;          Prologue: Gallia, aux armes! £Guerre dEuropa 2£
6548;41076;51;;         Prologue: Gallia, to Arms!     £A Meeting£;          Prologue: Gallia, aux armes! £Une r<union£
6628;41132;61;;         Prologue: Gallia, to Arms!     £The Imperial Attack£;          Prologue: Gallia, aux armes! £L'attaque imp<riale£
6708;41200;60;;         Prologue: Gallia, to Arms!     £Encounter at Bruhl£;          Prologue: Gallia, aux armes! £Rencontre = Bruhl£
6788;41268;59;;         Prologue: Gallia, to Arms!     £A Hilltop Promise£;          Prologue: Gallia, aux armes! £Promesse sur la colline£
6868;41332;40;;         Prologue: Gallia, to Arms!     ;          Prologue: Gallia, aux armes!
6948;41380;40;;         Prologue: Gallia, to Arms!     ;          Prologue: Gallia, aux armes!
7028;41428;46;;         Ch. 1: In Defense of Bruhl     £Home£;          Ch. 1: Pour la d<fense de Bruhl £Maison£
7108;41480;54;;         Ch. 1: In Defense of Bruhl     £Home, part 2£;          Ch. 1: Pour la d<fense de Bruhl £Maison, partie 2£
7188;41540;60;;         Ch. 1: In Defense of Bruhl     £Family Resemblance£;          Ch. 1: Pour la d<fense de Bruhl £Famille ressemblance£
7268;41608;60;;         Ch. 1: In Defense of Bruhl     £The Windmill Tower£;          Ch. 1: Pour la d<fense de Bruhl £Le Moulin = vent£
7348;41676;68;;         Ch. 1: In Defense of Bruhl     £The Windmill Tower, part 2£;          Ch. 1: Pour la d<fense de Bruhl £Le Moulin = vent, partie 2£
7428;41752;68;;         Ch. 1: In Defense of Bruhl     £The Windmill Tower, part 3£;          Ch. 1: Pour la d<fense de Bruhl £Le Moulin = vent, partie 3£
7508;41828;58;;         Ch. 1: In Defense of Bruhl     £Defense of Bruhl£;          Ch. 1: Pour la d<fense de Bruhl £D<fense de Bruhl£
7588;41892;65;;         Ch. 1: In Defense of Bruhl     £The Metal Hounds of War£;          Ch. 1: Pour la d<fense de Bruhl £The Hounds m<tal de la guerre£
7668;41964;47;;          Ch. 2: Escape from Bruhl     £Rescue£;           Ch. 2: S'<chapper de Bruhl £Sauvetage£
7748;42016;66;;          Ch. 2: Escape from Bruhl     £The Legacy of Our Fathers£;           Ch. 2: S'<chapper de Bruhl £L'h<ritage de nos p>res£
7828;42088;59;;          Ch. 2: Escape from Bruhl     £Retreat from Bruhl£;           Ch. 2: S'<chapper de Bruhl £Retraite de Bruhl£
7908;42152;63;;          Ch. 2: Escape from Bruhl     £With Home at Our Backs£;           Ch. 2: S'<chapper de Bruhl £Avec la maison derri>re nous£
7988;42220;48;;        Ch. 3: Vasel Urban Warfare     £Summons£;         Ch. 3: Guerre urbaine = Vasel  £Assignation£
8068;42276;56;;        Ch. 3: Vasel Urban Warfare     £Summons, part 2£;         Ch. 3: Guerre urbaine = Vasel  £Assignation, partie 2£
8148;42340;56;;        Ch. 3: Vasel Urban Warfare     £Summons, part 3£;         Ch. 3: Guerre urbaine = Vasel  £Assignation, partie 3£
8228;42404;56;;        Ch. 3: Vasel Urban Warfare     £Summons, part 4£;         Ch. 3: Guerre urbaine = Vasel  £Assignation, partie 4£
8308;42468;56;;        Ch. 3: Vasel Urban Warfare     £Squad 7 is Born£;         Ch. 3: Guerre urbaine = Vasel £L'Escouade 7 est n<e£
8388;42532;54;;        Ch. 3: Vasel Urban Warfare     £The Flare Gun£;         Ch. 3: Guerre urbaine = Vasel £Le Lance fus<e <clairante£
8468;42592;53;;        Ch. 3: Vasel Urban Warfare     £The First Op£;         Ch. 3: Guerre urbaine = Vasel £La Premi>re Op£
8548;42652;61;;        Ch. 3: Vasel Urban Warfare     £The First Op, part 2£;         Ch. 3: Guerre urbaine = Vasel £La Premi>re Op, partie 2£
8628;42720;61;;        Ch. 3: Vasel Urban Warfare     £The First Op, part 3£;         Ch. 3: Guerre urbaine = Vasel £La Premi>re Op, partie 3£
8708;42788;64;;        Ch. 3: Vasel Urban Warfare     £West Bank of Vasel City£;         Ch. 3: Guerre urbaine = Vasel £Rive ouest de Vasel City£
8788;42860;65;;        Ch. 3: Vasel Urban Warfare     £Ellet, War Correspondent£;         Ch. 3: Guerre urbaine = Vasel £Ellet, correspondant de guerre£
8868;42932;49;;        Ch. 3: Vasel Urban Warfare     £Distrust£;         Ch. 3: Guerre urbaine = Vasel £M<fiance£
8948;42988;66;;           Report: Ellet Embedded      £Let the Interviews Begin!£;            Rapport: Ellet incorpor<s £Lancement des Interviews!£
9028;43060;56;;           Report: Ellet Embedded      £Largo and Rosie£;            Rapport: Ellet incorpor<s £Largo et Rosie£
9108;43124;46;;           Report: Ellet Embedded      £Isara£;            Rapport: Ellet incorpor<s £Isara£
9188;43176;58;;           Report: Ellet Embedded      £Welkin and Alicia£;            Rapport: Ellet incorpor<s £Welkin et Alicia£
9268;43240;56;;        Ch. 4: Operation Cloudburst    £Internal Strife£;         Ch. 4: Operation Cloudburst £Conflits internes£
9348;43304;55;;        Ch. 4: Operation Cloudburst    £Welkin's Boast£;         Ch. 4: Operation Cloudburst £Vantardise de Welkin£
9428;43364;49;;        Ch. 4: Operation Cloudburst    £The Plan£;         Ch. 4: Operation Cloudburst £Le Plan£
9508;43420;53;;        Ch. 4: Operation Cloudburst    £The Crossing£;         Ch. 4: Operation Cloudburst £La Travers<£
9588;43480;61;;        Ch. 4: Operation Cloudburst    £The Crossing, part 2£;         Ch. 4: Operation Cloudburst £La Travers<, partie 2£
9668;43548;62;;        Ch. 4: Operation Cloudburst    £Battle for the Bridge£;         Ch. 4: Operation Cloudburst £Bataille pour le pont£
9748;43616;56;;        Ch. 4: Operation Cloudburst    £Drawbridge Away£;         Ch. 4: Operation Cloudburst £Pont-levis Away£
9828;43680;56;;        Ch. 4: Operation Cloudburst    £After the Storm£;         Ch. 4: Operation Cloudburst £Apres la tempete£
9908;43744;55;;        Ch. 4: Operation Cloudburst    £A Parting Wish£;         Ch. 4: Operation Cloudburst £Un r$ve partag<£
9988;43804;64;;           Report: Largo's Passion      £Secure the Trade Route£;            Rapport:  La Passion de Largo £S<curiser la route commerciale£
10068;43876;66;;           Report: Largo's Passion      £Vegetable Route Incident£;            Rapport: La Passion de Largo £L'Incident de la route des L<gumes£
10148;43948;55;;           Report: Largo's Passion      £Largo's Dream£;            Rapport: La Passion de Largo £Le r<ve de Largo£
10228;44008;64;;        Ch. 5: The Kloden Wildwood    £Severing the Supply Line£;         Ch. 5: For$t Sauvage de Kloden £Couper la route d'approvisionnement£
10308;44080;68;;        Ch. 5: The Kloden Wildwood    £Maximilian and the Triumviri£;         Ch. 5: For$t Sauvage de Kloden £Maximilian et le Triumvirs£
10388;44156;56;;        Ch. 5: The Kloden Wildwood    £A Path Uncovered£;         Ch. 5: For$t Sauvage de Kloden £Un chemin a decouvert£
10468;44220;61;;        Ch. 5: The Kloden Wildwood    £Countless Tiny Losses£;         Ch. 5: For$t Sauvage de Kloden £Innombrables minuscules pertes£
10548;44288;66;;        Ch. 5: The Kloden Wildwood    £Wildwood Warfare at Kloden£;         Ch. 5: For$t Sauvage de Kloden £Combat Forestier = Kloden£
10628;44360;62;;        Ch. 5: The Kloden Wildwood    £Taking the Supply Base£;         Ch. 5: For$t Sauvage de Kloden £Prise de la Base d'approvisionement£
10708;44428;59;;          Report: A Taste of Home     £An Unexpected Visit£;           Rapport: Un avant-gout de la maison £Une Visite Inatendu£
10788;44492;62;;          Report: A Taste of Home     £Tea for Two and a Half£;           Rapport: Un avant-gout de la maison £Th< pour Deux et Demi£
10868;44560;57;;          Report: A Taste of Home     £Alicia's Ambition£;           Rapport: Un avant-gout de la maison £L'Ambition d'Alicia£
10948;44624;58;;         Ch. 6: A Desert Encounter     £Into the Badlands£;          Ch. 6: Une rencontre du d<sert £Dans les Badlands£
11028;44688;58;;         Ch. 6: A Desert Encounter     £Jaeger and Gregor£;          Ch. 6: Une rencontre du d<sert £Jaeger et Gregor£
11108;44752;65;;         Ch. 6: A Desert Encounter     £Battle of Barious Desert£;          Ch. 6: Une rencontre du d<sert £Bataille du d<sert de Barious £
11188;44824;57;;         Ch. 6: A Desert Encounter     £The Desert Ruins£;          Ch. 6: Une rencontre du d<sert £Les Ruines du d<sert£
11268;44888;63;;         Ch. 6: A Desert Encounter     £Visitors at the Temple£;          Ch. 6: Une rencontre du d<sert £Les visiteurs du Temple£
11348;44956;59;;        Ch. 7: The Battle at Barious    £A History Unfolds£;         Ch. 7: La bataille de Barious £L'histoire se d<voile£
11428;45020;62;;        Ch. 7: The Battle at Barious    £The Darcsen Calamity£;         Ch. 7: La bataille de Barious £La Calamit< Darcsen£
11508;45088;59;;        Ch. 7: The Battle at Barious    £Inside the Spiral£;         Ch. 7: La bataille de Barious £Dans la spirale£
11588;45152;55;;        Ch. 7: The Battle at Barious    £First Contact£;         Ch. 7: La bataille de Barious £Premier Contact£
11668;45212;69;;        Ch. 7: The Battle at Barious    £Desert Duel with Maximilian£;         Ch. 7: La bataille de Barious £Duel du d<sert avec Maximilian£
11748;45288;50;;        Ch. 7: The Battle at Barious    £Valkyria£;         Ch. 7: La bataille de Barious £Valkyria£
11828;45344;64;;        Ch. 7: The Battle at Barious    £The Valkyria Withdraws£;         Ch. 7: La bataille de Barious £La Valkyria se retire£
11908;45416;57;;        Ch. 7: The Battle at Barious    £A Legend Reborn£;         Ch. 7: La bataille de Barious £La renaissance d'une L<gende£
11988;45480;58;;         Report: Signs of Awakening    £Barious Once More£;          Rapport: Les signes de l'<veil £Barious une fois de plus£
12068;45544;69;;         Report: Signs of Awakening    £Taking the Barious Highlands£;          Rapport: Les signes de l'<veil £Prendre les Highlands de Barious£
12148;45620;55;;         Report: Signs of Awakening    £Alicia Wounded£;          Rapport: Les signes de l'<veil £Alicia bless<e£
12228;45680;56;;         Report: Signs of Awakening    £Unearthly Light£;          Rapport: Les signes de l'<veil £Lumi<re Surnaturelle£
12308;45744;46;;         Report: Signs of Awakening    £Signs£;          Rapport: Les signes de l'<veil £Signes£
12388;45796;55;;         Ch. 8: The Woodland Snare    £Surprise Attack£;          Ch. 8: Le Pi<ge de Woodland  £Attaque surprise£
12468;45856;63;;         Ch. 8: The Woodland Snare    £Surprise Attack, part 2£;          Ch. 8: Le Pi<ge de Woodland £Attaque surprise, partie 2£
12548;45924;64;;         Ch. 8: The Woodland Snare    £Escape from Forest Snare£;          Ch. 8: Le Pi<ge de Woodland £Echapper au pi<ge de la for$t£
12628;45996;48;;         Ch. 8: The Woodland Snare    £Memories£;          Ch. 8: Le Pi<ge de Woodlande £M<moires£
12708;46052;44;;         Ch. 8: The Woodland Snare    £Life£;          Ch. 8: Le Pi<ge de Woodland £Vie£
12788;46104;57;;         Ch. 8: The Woodland Snare    £Those Left Behind£;          Ch. 8: Le Pi<ge de Woodlande £Ceux laisser derri>re£
12868;46168;52;;         Ch. 8: The Woodland Snare    £One in Death£;          Ch. 8: Le Pi<ge de Woodland £Uni dans la mort£
12948;46228;60;;         Ch. 8: The Woodland Snare    £One in Death, part 2£;          Ch. 8: Le Pi<ge de Woodland £Uni dans la mort, partie 2£
13028;46296;61;;         Ch. 8: The Woodland Snare    £Reunion in the Forest£;          Ch. 8: Le Pi<ge de Woodland  £R<union dans la for$t£
13108;46364;45;;         Ch. 8: The Woodland Snare    £Bonds£;          Ch. 8: Le Pi<ge de Woodland £Obligations£
13188;46416;58;;  Report: For Whom Destiny Unfolds    £In Search of Truth£;   Rapport: Pour que se d<ploie le destin £= la recherche de la v<rit<£
13268;46480;57;;  Report: For Whom Destiny Unfolds    £Cordelia's Secret£;   Rapport: Pour que se d<ploie le destin £Secret de Cord<lia£
13348;46544;62;;  Report: For Whom Destiny Unfolds    £Journalistic Integrity£;   Rapport: Pour que se d<ploie le destin £Int<grit< journalistique £
13428;46612;54;;        Ch. 9: A Midsummer Incident   £The Invitation£;         Ch. 9: L'Incident de la mi-<t< £L'Invitation£
13508;46672;55;;        Ch. 9: A Midsummer Incident   £Castle Randgriz£;         Ch. 9:  L'Incident de la mi-<t< £Chateau Randgriz£
13588;46732;64;;        Ch. 9: A Midsummer Incident   £Far from the Battlefield£;         Ch. 9:  L'Incident de la mi-<t< £Loin du champ de bataille£
13668;46804;63;;        Ch. 9: A Midsummer Incident   £The Valkyrian Bloodline£;         Ch. 9:  L'Incident de la mi-<t< £La lign<e des Valkyries£
13748;46872;57;;        Ch. 9: A Midsummer Incident   £Dreams of the Sky£;         Ch. 9:  L'Incident de la mi-<t< £R$ve dans le ciel£
13828;46936;62;;        Ch. 9: A Midsummer Incident   £Kidnapping of Cordelia£;         Ch. 9:  L'Incident de la mi-<t< £Enl>vement de Cordelia£
13908;47004;56;;        Ch. 9: A Midsummer Incident   £On Will and Fate£;         Ch. 9:  L'Incident de la mi-<t< £Sur la volont< et le destin£
13988;47068;58;;        Ch. 9: A Midsummer Incident   £The Award Ceremony£;         Ch. 9: Incident = la mi-<t< £La c<r<monie de r<compense£
14068;47132;58;;        Ch. 9: A Midsummer Incident   £Fears of a Patriot£;         Ch. 9: Incident = la mi-<t< £Les craintes d'un Patriote£
14148;47196;60;;           Report: Squad 7's R&R       £A Warrior's Respite£;            Rapport: Escouade 7 Repos et R<cuperation  £Le Repos du Guerrier£
14228;47264;60;;           Report: Squad 7's R&R       £A Beachside Holiday£;            Rapport: Escouade 7 R et R £Vacances en bord de mer£
14308;47332;58;;           Report: Squad 7's R&R       £Days Forever Gone£;            Rapport: Escouade 7 R et R  £Jours = jamais perdus£
14388;47396;56;;           Report: Squad 7's R&R       £An Awkward Pair£;            Rapport: Escouade 7 R et R £Une Paire Maladroite£
14468;47460;62;;        Ch. 10: Liberation of Fouzen    £The Fouzen Operation£;         Ch. 10: Lib<ration de Fouzen £L'Op<ration Fouzen£
14548;47528;64;;        Ch. 10: Liberation of Fouzen    £The Concentration Camp£;         Ch. 10: Lib<ration de Fouzen £Le camp de concentration£
14628;47600;64;;        Ch. 10: Liberation of Fouzen    £Infiltration of Fouzen£;         Ch. 10: Lib<ration de Fouzen £Infiltration de Fouzen£
14708;47672;56;;        Ch. 10: Liberation of Fouzen    £The Inside Man£;         Ch. 10: Lib<ration de Fouzen £L'Homme de l'Int<rieur£
14788;47736;64;;        Ch. 10: Liberation of Fouzen    £The Inside Man, part 2£;         Ch. 10: Lib<ration de Fouzen £L'Homme de l'Int<rieur, partie 2£
14868;47808;62;;        Ch. 10: Liberation of Fouzen    £The True Face of War£;         Ch. 10: Lib<ration de Fouzen £Le vrai visage de la guerre£
14948;47876;62;;        Ch. 10: Liberation of Fouzen    £Liberation of Fouzen£;         Ch. 10: Lib<ration de Fouzen £Lib<ration de Fouzen£
15028;47944;60;;        Ch. 10: Liberation of Fouzen    £Liberation Eternal£;         Ch. 10: Lib<ration de Fouzen £lib<ration <ternelle£
15108;48012;55;;        Ch. 10: Liberation of Fouzen    £A New Comrade£;         Ch. 10: Lib<ration de Fouzen £Un nouveau camarade£
15188;48072;57;;     Report: What Lies Beyond Hate    £Varrot's Vendetta£;      Rapport: Ce qui se trouve au-del= de la haine £Vendetta de Varrot£
15268;48136;64;;     Report: What Lies Beyond Hate    £Hostage Rescue Operation£;      Rapport: Ce qui se trouve au-del= de la haine £Op<ration de sauvetage de Hostage£
15348;48208;49;;     Report: What Lies Beyond Hate    £Vengeance£;      Rapport: Ce qui se trouve au-del= de la haine £Vengeance£
15428;48264;62;;     Report: What Lies Beyond Hate    £The Wages of Cowardice£;      Rapport: Ce qui se trouve au-del= de la haine £Le Salaire de la Lachet<£
15508;48332;58;;     Report: What Lies Beyond Hate    £A New Step Forward£;      Rapport: Ce qui se trouve au-del= de la haine £Une Nouvelle Etape£
15588;48396;63;;        Ch. 11: The Marberry Shore     £Peril on the Coastline£;         Ch. 11: Le Rivage Marberry  £P<ril sur le Littoral£ 
15668;48464;65;;        Ch. 11: The Marberry Shore     £The Feast of All Spirits£;          Ch. 11: Le Rivage Marberry £La F$te de Tous les Esprits£
15748;48536;54;;        Ch. 11: The Marberry Shore     £Alicia's Gift£;          Ch. 11: Le Rivage Marberry £cadeau d'Alicia£
15828;48596;49;;        Ch. 11: The Marberry Shore     £Tomorrow£;         Ch. 11: Le Rivage Marberry £Demain£
15908;48652;59;;        Ch. 11: The Marberry Shore     £Isara's Commitment£;         Ch. 11: Le Rivage Marberry £L'engagement de Isara£
15988;48716;65;;        Ch. 11: The Marberry Shore     £Battle at Marberry Shore£;         Ch. 11: Le Rivage Marberry £Bataille du Rivage Marberry £
16068;48788;60;;        Ch. 11: The Marberry Shore     £A Dream Interrupted£;         Ch. 11: Le Rivage Marberry £A R$ve bris<£
16148;48856;50;;        Ch. 11: The Marberry Shore     £Farewells£;         Ch. 11: Le Rivage Marberry £Adieux£
16228;48912;56;;       Report: War Without Weapons    £The Darcsen Hunt£;        Rapport: la guerre sans armes £Le Chasseur de Darcsen£
16308;48976;65;;       Report: War Without Weapons    £An End to Darcsen Hunting£;        Rapport: la guerre sans armes £Une fin = la chasse aux Darcsen£
16388;49048;61;;       Report: War Without Weapons    £For Every Wish, a Way£;        Rapport: la guerre sans armes £Pour chaques souhaits, une Voie£
16468;49116;51;;       Report: War Without Weapons    £Checking In£;        Rapport: la guerre sans armes £V<rification£
16548;49172;58;;        Ch. 12: The Fight for Bruhl     £A Kindred Spirit£;         Ch. 12: La lutte pour Bruhl £Une ame soeur£
16628;49236;57;;        Ch. 12: The Fight for Bruhl     £Jaeger's Reason£;         Ch. 12: La lutte pour Bruhl £Les Raison de Jaeger£
16708;49300;57;;        Ch. 12: The Fight for Bruhl     £Return to Bruhl£;         Ch. 12: La lutte pour Bruhl £Retour = Bruhl£
16788;49364;62;;        Ch. 12: The Fight for Bruhl     £Return to the Temple£;         Ch. 12: La lutte pour Bruhl £Retour au Temple£
16868;49432;60;;        Ch. 12: The Fight for Bruhl     £Recapture of Bruhl£;         Ch. 12: La lutte pour Bruhl £Recapture de Bruhl£
16948;49500;64;;        Ch. 12: The Fight for Bruhl     £Hope Amid the Wreckage£;         Ch. 12: La lutte pour Bruhl £Espoir dans les ruines£
17028;49572;63;;        Ch. 12: The Fight for Bruhl     £The Approaching Clash£;         Ch. 12: La lutte pour Bruhl £l'approche du Clash£
17108;49640;62;;        Ch. 12: The Fight for Bruhl     £Once the War is Over£;         Ch. 12: La lutte pour Bruhl £Une fois que la guerre est finie£
17188;49708;61;;       Ch. 13: The Clash at Naggiar    £On the Eve of Battle£;        Ch. 13: Le Clash de Naggiar £A la veille de la bataille£
17268;49776;69;;       Ch. 13: The Clash at Naggiar    £On the Eve of Battle, part 2£;        Ch. 13: Le Clash de Naggiar £A la veille de la bataille, la partie 2£
17348;49852;65;;       Ch. 13: The Clash at Naggiar    £The Iron-Willed Valkyria£;       Ch. 13: Le Clash de Naggiar £La Volont< de fer Valkyria£
17428;49924;60;;       Ch. 13: The Clash at Naggiar    £Selvaria, Destroyer£;       Ch. 13: Le Clash de Naggiar £Selvaria, Destructeur£
17508;49992;64;;       Ch. 13: The Clash at Naggiar    £Showdown at Naggiar (1)£;        Ch. 13: Le Clash de Naggiar £Confrontation = Naggiar (1)£
17588;50064;63;;       Ch. 13: The Clash at Naggiar    £A Bullet from the Blue£;        Ch. 13: Le Clash de Naggiar £Une Balle venant des Bleus£
17668;50132;62;;    Report: Flower of the Battlefield    £A Leader Distraught£;     Rapport: Fleur du champ de bataille £Un leader Affol<£
17748;50200;68;;    Report: Flower of the Battlefield    £Guarding the Refugee Camp£;     Rapport: Fleur du champ de bataille £Garder le camp de r<fugi<s£
17828;50276;66;;    Report: Flower of the Battlefield    £The Language of Flowers£;     Rapport: Fleur du champ de bataille £Le langage des fleurs£
17908;50348;59;;    Report: Flower of the Battlefield    £Unbending Spirit£;     Rapport: Fleur du champ de bataille £Esprit inflexible£
17988;50412;62;;        Ch. 14: Loss Within Victory    £At the Field Hospital£;         Ch. 14: Perte Dans la Victoire £A l'hopital de campagne£
18068;50480;58;;        Ch. 14: Loss Within Victory    £Clashing Opinions£;         Ch. 14: Perte dans la victoire £Opposition d'opinions£
18148;50544;50;;        Ch. 14: Loss Within Victory    £Awakening£;         Ch. 14: Perte dans la victoire £Le r<veil£
18228;50600;54;;        Ch. 14: Loss Within Victory    £Twin Valkyrur£;         Ch. 14: Perte dans la victoire £Valkyrur Jumelle£
18308;50660;64;;        Ch. 14: Loss Within Victory    £Showdown at Naggiar (2)£;         Ch. 14: Perte dans la victoire £Confrontation = Naggiar (2)£
18388;50732;63;;        Ch. 14: Loss Within Victory    £At What Price Victory?£;         Ch. 14: Perte dans la victoire £A quel prix la victoire?£
18468;50800;39;;        Ch. 14: Loss Within Victory    ;         Ch. 14: Perte dans la victoire
18548;50844;39;;        Ch. 14: Loss Within Victory    ;         Ch. 14: Perte dans la victoire
18628;50888;51;;            Report: Parting Ways        £Suspicion£;             Rapport: La s<paration £Suspicion£
18708;50944;47;;            Report: Parting Ways        £Truth£;             Rapport: La s<paration £V<rit<£
18788;50996;55;;            Report: Parting Ways        £Confrontation£;             Rapport: La s<paration £Confrontation£
18868;51056;59;;         Ch. 15: Citadel Ghirlandaio    £To Fell a Citadel£;          Ch. 15: La Citadelle de Ghirlandaio £Pour Abattre une Citadelle£
18948;51120;60;;         Ch. 15: Citadel Ghirlandaio    £The Cruelest Order£;           Ch. 15: La Citadelle de Ghirlandaio £L'Ordre cruel£
19028;51188;68;;         Ch. 15: Citadel Ghirlandaio    £The Cruelest Order, part 2£;          Ch. 15: La Citadelle de Ghirlandaio £L'Ordre cruel, partie 2£
19108;51264;60;;         Ch. 15: Citadel Ghirlandaio    £Bracing for Battle£;           Ch. 15: La Citadelle de Ghirlandaio £Fortifiant pour Bataille£
19188;51332;48;;         Ch. 15: Citadel Ghirlandaio    £Doubts£;           Ch. 15: La Citadelle de Ghirlandaio £Doutes£
19268;51388;63;;         Ch. 15: Citadel Ghirlandaio    £Fight for Ghirlandaio£;           Ch. 15: La Citadelle de Ghirlandaio £Combat pour Ghirlandaio£
19348;51456;62;;         Ch. 15: Citadel Ghirlandaio    £One Human's Struggle£;           Ch. 15: La Citadelle de Ghirlandaio £La Lutte entre humain£
19428;51524;63;;         Ch. 15: Citadel Ghirlandaio    £Selvaria's Last Stand£;           Ch. 15: La Citadelle de Ghirlandaio £Dernier combat de Selvaria£
19508;51592;61;;         Ch. 15: Citadel Ghirlandaio    £For Whom, for What?£;          Ch. 15: La Citadelle de Ghirlandaio £Pour qui, pour quoi?£
19588;51660;62;;         Ch. 15: Citadel Ghirlandaio    £The Valkyria's Flame£;           Ch. 15: La Citadelle de Ghirlandaio £Flamme de la Valkyria£
19668;51728;70;;         Ch. 15: Citadel Ghirlandaio    £The Valkyria's Flame, part 2£;           Ch. 15: La Citadelle de Ghirlandaio £Flamme de la Valkyria (2)£
19748;51804;70;;         Ch. 15: Citadel Ghirlandaio    £The Valkyria's Flame, part 3£;           Ch. 15: La Citadelle de Ghirlandaio £Flamme de la Valkyria (3)£
19828;51880;52;;        Ch. 16: The Maiden's Shield    £The Marmota£;          Ch. 16: Le Bouclier de la Vierge £Le Marmota£
19908;51940;60;;        Ch. 16: The Maiden's Shield    £The Marmota, part 2£;          Ch. 16: Le Bouclier de la Vierge £Le Marmota, partie 2£
19988;52008;66;;        Ch. 16: The Maiden's Shield    £Operation Maiden's Shield£;          Ch. 16: Le Bouclier de la Vierge £Operation Bouclier de la Vierge£
20068;52080;57;;        Ch. 16: The Maiden's Shield    £Cordelia's Stand£;         Ch. 16: Le Bouclier de la Vierge £La R<sistance de Cord<lia£
20148;52144;62;;        Ch. 16: The Maiden's Shield    £Diverting the Marmota£;          Ch. 16: Le Bouclier de la Vierge £D<vier le Marmota£
20228;52212;54;;        Ch. 16: The Maiden's Shield    £Into the Fire£;          Ch. 16: Le Bouclier de la Vierge £Dans le Feu£
20308;52272;45;;        Ch. 16: The Maiden's Shield    £Love£;          Ch. 16: Le Bouclier de la Vierge £Amour£
20388;52324;53;;        Ch. 16: The Maiden's Shield    £Love, part 2£;         Ch. 16: Le Bouclier de la Vierge £Amour, partie 2£
20468;52384;53;;        Ch. 16: The Maiden's Shield    £Love, part 3£;         Ch. 16: Le Bouclier de la Vierge £Amour, partie 3£
20548;52444;58;;        Ch. 16: The Maiden's Shield    £Squad 7 Moves Out£;          Ch. 16: Le Bouclier de la Vierge £Escouade 7 en avant£
20628;52508;64;;        Ch. 17: The Bridge to Hope     £Champion of a Lost Land£;         Ch. 17: Le Pont vers l'Espoir £Champion d'un Pays Perdu£
20708;52580;58;;        Ch. 17: The Bridge to Hope     £A Friendship Lost£;         Ch. 17: Le Pont vers l'Espoir £Une amiti< Perdue£
20788;52644;68;;        Ch. 17: The Bridge to Hope     £Breaching Jaeger's Blockade£;         Ch. 17: Le Pont vers l'Espoir £Percer le Blocus de Jaeger£
20868;52720;54;;        Ch. 17: The Bridge to Hope     £True Strength£;         Ch. 17: Le Pont vers l'Espoir £Force V<ritable£
20948;52780;58;;        Ch. 17: The Bridge to Hope     £The Capital Falls£;         Ch. 17: Le Pont vers l'Espoir £La Chute de la Capitale£
21028;52844;66;;        Ch. 17: The Bridge to Hope     £The Capital Falls, Part 2£;         Ch. 17: Le Pont vers l'Espoir £La Chute de la Capitale, partie 2£
21108;52916;58;;      Finale: Shadow of the Valkyrur   £The Real Cordelia£;       Final: L'Ombre des Valkyrur £La Vraie Cordelia£
21188;52980;66;;      Finale: Shadow of the Valkyrur   £The Real Cordelia, Part 2£;       Final: L'Ombre des Valkyrur £La Vraie Cordelia, Partie 2£
21268;53052;66;;      Finale: Shadow of the Valkyrur   £The Real Cordelia, Part 3£;       Final: L'Ombre des Valkyrur £La Vraie Cordelia, Partie 3£
21348;53124;50;;      Finale: Shadow of the Valkyrur   £Jailbreak£;       Final: L'Ombre des Valkyrur £Evasion£
21428;53180;59;;      Finale: Shadow of the Valkyrur   £Final Preparations£;       Final: L'Ombre des Valkyrur £Pr<parations Finals£
21508;53244;49;;      Finale: Shadow of the Valkyrur   £Stowaway£;       Final: L'Ombre des Valkyrur £Embarquement discret£
21588;53300;52;;      Finale: Shadow of the Valkyrur   £Faith Alive£;       Final: L'Ombre des Valkyrur  £Foi Vivante£
21668;53360;62;;      Finale: Shadow of the Valkyrur   £The Marmota's Purpose£;       Final: L'Ombre des Valkyrur  £le But du Marmota£
21748;53428;51;;      Finale: Shadow of the Valkyrur   £The Valkof£;       Final: L'Ombre des Valkyrur  £La Valkof£
21828;53484;59;;      Finale: Shadow of the Valkyrur   £The Valkof, Part 2£;       Final: L'Ombre des Valkyrur  £La Valkof, Partie 2£
21908;53548;59;;      Finale: Shadow of the Valkyrur   £The Valkof, Part 3£;       Final: L'Ombre des Valkyrur  £La Valkof, Partie 3£
21988;53612;54;;      Finale: Shadow of the Valkyrur   £Marmota's End£;       Final: L'Ombre des Valkyrur £Fin du Marmota£
22068;53672;66;;      Finale: Shadow of the Valkyrur   £Maximilian's Final Gambit£;       Final: L'Ombre des Valkyrur £Gambit final de Maximilian£
22148;53744;60;;      Finale: Shadow of the Valkyrur   £Maximilian's Vision£;       Final: L'Ombre des Valkyrur £La Vision de Maximilian£
22228;53812;55;;      Finale: Shadow of the Valkyrur   £Final Showdown£;        Final: L'Ombre des Valkyrur £Confrontation Final£
22308;53872;58;;      Finale: Shadow of the Valkyrur   £Ambition Thwarted£;        Final: L'Ombre des Valkyrur £Ambition D<cue£
22388;53936;66;;      Finale: Shadow of the Valkyrur   £Ambition Thwarted, part 2£;        Final: L'Ombre des Valkyrur £Ambition D<cue, partie 2£
22468;54008;47;;      Finale: Shadow of the Valkyrur   £Escape£;        Final: L'Ombre des Valkyrur £Survivre£
22548;54060;39;;      Finale: Shadow of the Valkyrur   ;        Final: L'Ombre des Valkyrur
22628;54104;39;;      Finale: Shadow of the Valkyrur   ;        Final: L'Ombre des Valkyrur
22708;54148;56;;                   Epilogue              £What Lives On£;                   Epilogue              £Ceux qui continuent = vivre£
22788;54212;4;;EASY;FACILE
22868;54224;6;;NORMAL;NORMAL
22948;54236;4;;HARD;DIFFICILE
23028;54248;67;;         This difficulty is suited to those not yet used to combat.;          Cette difficult< est adapt< = ceux pas encore habitu<s au combat.
23108;54320;66;;          This difficulty is suited to those accustomed to combat.;           Cette difficult< est adapt<e = ceux qui sont habitu<s au combat.
23188;54392;68;;        This difficulty is suited to those who have mastered combat.;         Cette difficult< est adapt<e = ceux qui ont maitris< le combat.
23268;54468;27;;Fight in a skirmish battle?;Combattez dans une bataille escarmouche?
23348;54500;48;;                              Outskirts of Bruhl;                               Banlieue de Bruhl
23428;54556;46;;                               Vasel Riverside;                                Vasel Riverside
23508;54608;45;;                              Kloden Wildwood;                               Kloden Wildwood
23588;54660;46;;                                Barious Desert;                                 D<sert Barious
23668;54712;45;;                                 Upper Fouzen;                                  Fouzen du Haut
23748;54764;46;;                                Marberry Shore;                                 Rivage Marberry
23828;54816;46;;                                Windmill Plaza;                                 Place du moulin = vent
23908;54868;46;;                                Naggiar Plains;                                 Plaines de Naggiar
23988;54920;47;;                             East Bank of Vasel;                              Rive orientale du Vasel
24068;54972;18;;Encounter at Bruhl;Rencontre = Bruhl
24148;54996;16;;Defense of Bruhl;D<fense de Bruhl
24228;55020;18;;Retreat from Bruhl;Retraite de Bruhl
24308;55044;23;;West Bank of Vasel City;Rive ouest de Vasel
24388;55072;21;;Battle for the Bridge;Bataille pour le pont
24468;55100;26;;Wildwood Warfare at Kloden;Combat Forestier = Kloden
24548;55132;24;;Battle of Barious Desert;Bataille du D<sert Barious
24628;55164;27;;Desert Duel with Maximilian;Duel avec Maximilian au D<sert 
24708;55196;24;;Escape from Forest Snare;Echapper au Pi<ge de la For$t
24788;55228;21;;Reunion in the Forest;R<union dans la for$t
24868;55256;22;;Kidnapping of Cordelia;Enl>vement de Cordelia
24948;55284;22;;Infiltration of Fouzen;Infiltration de Fouzen
25028;55312;20;;Liberation of Fouzen;Lib<ration de Fouzen
25108;55340;24;;Battle at Marberry Shore;Bataille du Rivage Marberry
25188;55372;18;;Recapture of Bruhl;R<cup<ration de Bruhl
25268;55396;23;;Showdown at Naggiar (1);Confrontation = Naggiar (1)
25348;55424;23;;Showdown at Naggiar (2);Confrontation = Naggiar (2)
25428;55452;21;;Fight for Ghirlandaio;Lutte pour Ghirlandaio
25508;55480;21;;Selvaria's Last Stand;Dernier Combat de Selvaria
25588;55508;21;;Diverting the Marmota;D<viation du Marmota
25668;55536;27;;Breaching Jaeger's Blockade;Percer le blocus de Jaeger
25748;55568;13;;Marmota's End;La Fin du Marmota
25828;55588;14;;Final Showdown;Confrontation finale
25908;55608;24;;Vegetable Route Incident;L'incident de la route des L<gumes
25988;55640;28;;Taking the Barious Highlands;Prise des Highlands = Barious
26068;55676;24;;Hostage Rescue Operation;Op<ration de sauvetage d'otages
26148;55708;25;;An End to Darcsen Hunting;La fin de la Chasse Darcsen
26228;55740;25;;Guarding the Refugee Camp;La Garde du camp de r<fugi<s
26308;55772;23;;Outskirts of Bruhl EASY;Banlieue de Bruhl FACILE
26388;55800;25;;Outskirts of Bruhl NORMAL;Banlieue de Bruhl NORMAL
26468;55832;23;;Outskirts of Bruhl HARD;Banlieue de Bruhl DIFFICILE
26548;55860;20;;Vasel Riverside EASY;Rive de Vasel FACILE
26628;55888;22;;Vasel Riverside NORMAL;Rive de Vasel  NORMAL
26708;55916;20;;Vasel Riverside HARD;Rive de Vasel  DIFFICILE
26788;55944;20;;Kloden Wildwood EASY;Kloden Wildwood FACILE
26868;55972;22;;Kloden Wildwood NORMAL;Kloden Wildwood NORMAL
26948;56000;20;;Kloden Wildwood HARD;Kloden Wildwood DIFFICILE
27028;56028;19;;Barious Desert EASY;D<sert Barious FACILE
27108;56052;21;;Barious Desert NORMAL;D<sert Barious NORMAL
27188;56080;19;;Barious Desert HARD;D<sert Barious DIFFICILE
27268;56104;17;;Upper Fouzen EASY;Fouzen du haut FACILE
27348;56128;19;;Upper Fouzen NORMAL;Fouzen du haut NORMAL
27428;56152;17;;Upper Fouzen HARD;Fouzen du haut DIFFICILE
27508;56176;19;;Marberry Shore EASY;Rivage Marberry FACILE
27588;56200;21;;Marberry Shore NORMAL;Rivage Marberry NORMAL
27668;56228;19;;Marberry Shore HARD;Rivage Marberry DIFFICILE
27748;56252;19;;Windmill Plaza EASY;Place du Moulin = Vent FACILE
27828;56276;21;;Windmill Plaza NORMAL;Place du Moulin = Vent NORMAL
27908;56304;19;;Windmill Plaza HARD;Place du Moulin = Vent DIFFICILE
27988;56328;19;;Naggiar Plains EASY;Plaines de Naggiar FACILE
28068;56352;21;;Naggiar Plains NORMAL;Plaines de Naggiar NORMAL
28148;56380;19;;Naggiar Plains HARD;Plaines de Naggiar DIFFICILE
28228;56404;23;;East Bank of Vasel EASY;Rive orientale de Vasel FACILE
28308;56432;25;;East Bank of Vasel NORMAL;Rive orientale de Vasel NORMAL
28388;56464;23;;East Bank of Vasel HARD;Rive orientale de Vasel DIFFICILE
28468;56492;27;;Return to the Title Screen?;Retour = l'<cran titre?
28548;56524;44;;                                 Squad 7 Log;                                  Escouade 7 Log
28628;56576;8;;Prologue;Prologue
28708;56592;5;;Ch. 1;Ch. 1
28788;56604;5;;Ch. 2;Ch. 2
28868;56616;5;;Ch. 3;Ch. 3
28948;56628;5;;Ch. 4;Ch. 4
29028;56640;5;;Ch. 5;Ch. 5
29108;56652;5;;Ch. 6;Ch. 6
29188;56664;5;;Ch. 7;Ch. 7
29268;56676;5;;Ch. 8;Ch. 8
29348;56688;5;;Ch. 9;Ch. 9
29428;56700;6;;Ch. 10;Ch. 10
29508;56712;6;;Ch. 11;Ch. 11
29588;56724;6;;Ch. 12;Ch. 12
29668;56736;6;;Ch. 13;Ch. 13
29748;56748;6;;Ch. 14;Ch. 14
29828;56760;6;;Ch. 15;Ch. 15
29908;56772;6;;Ch. 16;Ch. 16
29988;56784;6;;Ch. 17;Ch. 17
30068;56796;6;;Finale;Final
30148;56808;6;;Finale;Final
30228;56820;1;; ;
30308;56828;6;;Report;Rapport
30388;56840;6;;Report;Rapport
30468;56852;6;;Report;Rapport
30548;56864;6;;Report;Rapport
30628;56876;6;;Report;Rapport
30708;56888;6;;Report;Rapport
30788;56900;6;;Report;Rapport
30868;56912;6;;Report;Rapport
30948;56924;6;;Report;Rapport
31028;56936;6;;Report;Rapport
31108;56948;16;;Gallia, to Arms!;Gallia, aux armes!
31188;56972;19;;In Defense of Bruhl;Pour la d<fense de Bruhl
31268;56996;17;;Escape from Bruhl;Retraite de Bruhl
31348;57020;19;;Vasel Urban Warfare;Vasel Urban Warfare
31428;57044;20;;Operation Cloudburst;op<ration Cloudburst
31508;57072;19;;The Kloden Wildwood;For$t Sauvage de Kloden
31588;57096;18;;A Desert Encounter;Rencontre du d<sert
31668;57120;21;;The Battle at Barious;La bataille de Barious
31748;57148;18;;The Woodland Snare;Le pi<ge de Woodland
31828;57172;20;;A Midsummer Incident;L'Incident de la Mi-<t<
31908;57200;20;;Liberation of Fouzen;Lib<ration de Fouzen
31988;57228;18;;The Marberry Shore;Le Rivage de Marberry
32068;57252;19;;The Fight for Bruhl;La lutte pour Bruhl
32148;57276;20;;The Clash at Naggiar;The Clash de Naggiar
32228;57304;19;;Loss Within Victory;Perte Dans la Victoire
32308;57328;19;;Citadel Ghirlandaio;Citadelle Ghirlandaio
32388;57352;19;;The Maiden's Shield;Bouclier de la Vierge
32468;57376;18;;The Bridge to Hope;Le Pont vers l'Espoir
32548;57400;22;;Shadow of the Valkyrur;L'Ombre des Valkyrur
32628;57428;26;;Shadow of the Valkyrur (2);L'Ombre des Valkyrur (2)
32708;57460;8;;Epilogue;<pilogue
32788;57476;14;;Ellet Embedded;Ellet  incorpor<e
32868;57496;15;;Largo's Passion;La Passion de Largo
32948;57516;15;;A Taste of Home;Un avant-gout de la maison
33028;57536;18;;Signs of Awakening;Les signes d'<veil
33108;57560;13;;Squad 7's R&R;Escouade 7 Repos et R<cuperation
33188;57580;21;;What Lies Beyond Hate;Ce qui se trouve au-del= de la haine
33268;57608;24;;For Whom Destiny Unfolds;Pour qui le Destin se d<bloque
33348;57640;19;;War Without Weapons;Guerre sans armes
33428;57664;25;;Flower of the Battlefield;Fleur du champ de bataille
33508;57696;12;;Parting Ways;La s<paration
33588;57716;14;;Episode Select;S<lection Episode
33668;57736;12;;Headquarters;Quartier g<n<ral
33748;57756;10;;Skirmishes;Escarmouches
33828;57772;9;;Personnel;Personnel
33908;57788;8;;Weaponry;Armes
33988;57804;8;;Glossary;Glossaire
34068;57820;11;;Decorations;D<corations
34148;57836;10;;Statistics;Statistiques
34228;57852;5;;Music;Musique
34308;57864;26;;Prologue: Gallia, to Arms!;Prologue: Gallia, aux armes!
34388;57896;26;;Ch. 1: In Defense of Bruhl;Ch. 1: Pour la d<fense de Bruhl
34468;57928;24;;Ch. 2: Escape from Bruhl;Ch. 2: Retraite de Bruhl
34548;57960;26;;Ch. 3: Vasel Urban Warfare;Ch. 3: Combat Urbain de Vasel
34628;57992;27;;Ch. 4: Operation Cloudburst;Ch. 4: Operation Cloudburst
34708;58024;26;;Ch. 5: The Kloden Wildwood;Ch. 5: Le Kloden Wildwood
34788;58056;25;;Ch. 6: A Desert Encounter;Ch. 6: Une rencontre du d<sert
34868;58088;28;;Ch. 7: The Battle at Barious;Ch. 7: La bataille de Barious
34948;58124;25;;Ch. 8: The Woodland Snare;Ch. 8: Le Pi<ge Woodland
35028;58156;27;;Ch. 9: A Midsummer Incident;Ch. 9: L'incident de la Mi-<t<
35108;58188;28;;Ch. 10: Liberation of Fouzen;Ch. 10: Lib<ration de Fouzen
35188;58224;26;;Ch. 11: The Marberry Shore;Ch. 11: Le rivage de Marberry
35268;58256;27;;Ch. 12: The Fight for Bruhl;Ch. 12: La lutte pour Bruhl
35348;58288;28;;Ch. 13: The Clash at Naggiar;Ch. 13: The Clash de Naggiar
35428;58324;27;;Ch. 14: Loss Within Victory;Ch. 14: Perte Dans la Victore
35508;58356;27;;Ch. 15: Citadel Ghirlandaio;Ch. 15: Citadelle de Ghirlandaio
35588;58388;27;;Ch. 16: The Maiden's Shield;Ch. 16: Bouclier du Maiden
35668;58420;26;;Ch. 17: The Bridge to Hope;Ch. 17: Le pont vers l'espoir
35748;58452;30;;Finale: Shadow of the Valkyrur;Final: L'Ombre des Valkyrur
35828;58488;8;;Epilogue;Epilogue
35908;58504;22;;Report: Ellet Embedded;Rapport: Ellet incorpor<s 
35988;58532;23;;Report: Largo's Passion;Rapport: La Passion de Largo
36068;58560;23;;Report: A Taste of Home;Rapport: Un avant-gout de la maison
36148;58588;26;;Report: Signs of Awakening;Rapport: Les Signes d'Eveil
36228;58620;21;;Report: Squad 7's R&R;Rapport: Escouade 7 R et R
36308;58648;29;;Report: What Lies Beyond Hate;Rapport: Ce qui se trouve au-del= de la haine
36388;58684;32;;Report: For Whom Destiny Unfolds;Rapport: Pour qui le Destin se d<bloque
36468;58724;27;;Report: War Without Weapons;Rapport: La Guerre sans Armes
36548;58756;33;;Report: Flower of the Battlefield;Rapport: Fleur du champ de bataille
36628;58796;20;;Report: Parting Ways;Rapport: La s<paration
36708;58824;0;;;
36788;58832;0;;;
36868;58840;0;;;
36948;58848;0;;;
37028;58856;0;;;
37108;58864;0;;;
37188;58872;0;;;
37268;58880;0;;;
37348;58888;0;;;
37428;58896;0;;;
37508;58904;0;;;
37588;58912;0;;;
37668;58920;0;;;
37748;58928;0;;;
37828;58936;0;;;
37908;58944;0;;;
37988;58952;0;;;
38068;58960;0;;;
38148;58968;0;;;
38228;58976;0;;;
38308;58984;0;;;
38388;58992;0;;;
38468;59000;0;;;
38548;59008;0;;;
38628;59016;0;;;
38708;59024;0;;;
38788;59032;0;;;
38868;59040;0;;;
38948;59048;0;;;
39028;59056;0;;;
