4300;8067;;      Krimm N-246 46/45mm cannon;;Cannone Krimm N-246 46/45mm
4400;8100;;      Krimm N-520 20/122mm cannon;;Cannone Krimm N-520 20/122mm
4500;8134;;      Krimm N-6MX 130mm cannon x19;;Cannone Krimm N-6MX 130mm x19
4496;8169;;      Mustela 340mm cannon x2;;Cannone Mustela 340mm x2
4492;8199;;      Mustela 800mm cannon x2;;Cannone Mustela 800mm x2
4304;8229;;      Uranus 20mm tank machine gun x2;;Mitragliatrice da carro armato Uranus 20mm x2
4504;8267;;      Uranus 37mm machine cannon x12;;Cannone mitragliatore Uranus 37mm x12
4404;8304;;      Uranus 9mm tank machine gun x6;;Mitragliatrice da carro armato Uranus 9mm x6
4396;8341;;      Zabot 12/340mm cannon x2;;Cannone Zabot 12/340mm x2
3068;8372;;"BC or ""Before Conquest.""";;"a.C. ovvero ""prima della conquista""."
4524;8399;;terrestrial dreadnought. Four engines;;corazzata terrestre. Quattro motori
2956;8439;;18th Century Industrial Revolution gave;;La rivoluzione industriale del XVIII secolo ha dato
3512;8479;;A common term for the systematic capture;;Un termine comune per la cattura sistematica
2840;8520;;A conglomerate of nations united under;;Un conglomerato di nazioni unite sotto
2416;8559;;A high-voltage electric fence surrounded;;Una recinzione elettrica ad alta tensione circondata
3608;8600;;A longstanding tradition in Gallia, this;;Una tradizione di lunga data in Gallia, questa
4952;8641;;A massive lance-form weapon believed to;;Un'arma massiccia a forma di lancia che si ritiene
5240;8681;;A perennial plant found across Gallia,;;Una pianta perenne diffusa in tutta la Gallia,
3896;8720;;A standing self-defense force serves to;;Una forza di autodifesa permanente serve a
5108;8760;;A surging need for tank fuel and;;Un crescente bisogno di carburante per i serbatoi e
5336;8793;;A winged cousin to the common pig, found;;Un cugino alato del maiale comune, trovato
5400;8834;;Affectionate and intelligent, they are;;Affettuosi e intelligenti, sono
2376;8873;;After capturing Fouzen, the Empire was;;Dopo aver catturato Fouzen, l'Impero fu
2704;8912;;After claiming the citadel, the Empire;;Dopo aver rivendicato la cittadella, l'Impero
4248;8951;;After the Empire employed highly mobile;;Dopo l'Impero vennero impiegati mezzi altamente mobili
4980;8991;;After the War of the Valkyrur, the spear;;Dopo la Guerra dei Valkyrur, la lancia
1992;9032;;Allegedly scorched as a result of the;;Presumibilmente bruciato a causa del
2808;9070;;Alliance and the Atlantic Federation,;;Alleanza e Federazione Atlantica,
2200;9108;;Along the outer wall, further writings;;Lungo il muro esterno, ulteriori scritte
1700;9147;;Amatriain, in honor of General;;Amatriain, in onore del Generale
1704;9178;;Amatriain, who was responsible for;;Amatriain, che era responsabile di
1976;9213;;An arid desert devoid of all vegetation;;Un deserto arido privo di ogni vegetazione
4296;9253;;Arms: Mustela K5T10 280mm cannon;;Armi: cannone Mustela K5T10 da 280 mm
4488;9286;;Arms: Valkof;;Armi: Valkof
4392;9299;;Arms: Zabot 18/340mm ragna-cannon;;Armi: cannone ragna Zabot 18/340mm
5488;9333;;Army were repurposed to turn the plane's;;L'esercito > stato riadattato per trasformare l'aereo
5048;9374;;As Europa's primary energy source, this;;Essendo la principale fonte energetica di Europa, questa
2744;9414;;As a resource-rich part of the largest;;Come parte ricca di risorse del piu' grande
5288;9453;;As an exceptionally hardy plant, they;;Essendo una pianta eccezionalmente resistente,
3904;9491;;As every citizen receives basic military;;Poich< ogni cittadino riceve l'assistenza militare di base
2264;9532;;As one of Gallia's richest mining sites,;;Essendo uno dei siti minerari piu' ricchi della Gallia,
5816;9573;;As part of a defensive force, Gallian;;Come parte di una forza difensiva, Gallian
4088;9611;;As the nation's only arms manufacturer,;;Essendo l'unico produttore di armi della nazione,
2572;9651;;As the object of several border disputes;;Come oggetto di numerose controversie di confine
4184;9692;;At the turn of the 20th Century, a time;;A cavallo del XX secolo, un periodo
2932;9732;;Atlantic Federation;;Federazione Atlantica
2068;9752;;Barious Ruins Antechamber;;Anticamera delle Rovine di Barious
2164;9778;;Barious Ruins Sanctum;;Rovine di Barious Sanctum
2172;9800;;Barious Temple hides within it an inner;;Il Tempio di Barious nasconde al suo interno un'intima
4372;9840;;Batomys;;Batomys
4628;9848;;Because beliefs have traditionally taken;;Poich< le credenze hanno tradizionalmente preso
4900;9889;;Because contact with a Valkyria triggers;;Poich< il contatto con una Valkyria innesca
3224;9930;;Beginning as an Imperial incursion into;;Iniziando come un'incursione imperiale in
5912;9970;;Born in the late 19th Century as a means;;Nato alla fine del XIX secolo come mezzo
4148;10011;;Brondel in skill. Brondel, who rose to;;Brondel in abilit=. Brondel, che > salito a
1300;10050;;Bruhl;;Bruhl
5452;10056;;Built according to design notes left by;;Costruito secondo le note di progettazione lasciate da
4508;10096;;Built to Maximilian's specifications in;;Costruito secondo le specifiche di Maximilian in
3336;10136;;By circa 30 BC, the Darcsens are said to;;Intorno al 30 a.C., si dice che i Darcsens
2800;10177;;By the 1800's, the balance of power lay;;Nel 1800, l'equilibrio del potere era
5688;10217;;By the end of the 2nd Century after the;;Entro la fine del II secolo dopo la
3544;10257;;Captives were alternately used as slaves;;I prigionieri venivano alternativamente utilizzati come schiavi
1644;10298;;Castle Randgriz, home to the archduke,;;Castello Randgriz, dimora dell'arciduca,
3148;10337;;Century led to skyrocketing demand for;;Il secolo ha portato a un'impennata della domanda di
1404;10376;;Century, when Castle Randgriz was built;;Secolo, quando fu costruito il castello Randgriz
3528;10416;;Continuing the long history of prejudice;;Continuando la lunga storia del pregiudizio
2980;10457;;Councilor acts as the Federation's chief;;Il consigliere agisce come capo della Federazione
2356;10498;;Darcsen Concentration Camp;;Campo di concentramento di Darcsen
3700;10525;;Darcsen Good-Luck Dolls;;Bambole portafortuna Darcsen
2360;10549;;Darcsen laborers collected during;;I lavoratori di Darcsen si sono riuniti durante
3736;10583;;Darcsen pattern. Additional clothing and;;Modello Darcsen. Abbigliamento aggiuntivo e
4772;10624;;Darcsen population in unprovoked combat,;;Popolazione di Darcsen in combattimento non provocato,
3372;10665;;Darcsen rampage, they brought peace to;;La furia di Darcsen, hanno portato la pace a
5572;10704;;Darcsen traitors subsequently claimed to;;I traditori di Darcsen hanno successivamente affermato di
5716;10745;;Darcsens;;Darcsens
2128;10754;;Decorated with a motif believed to be a;;Decorato con un motivo che si ritiene essere un
5144;10794;;Depending on the refinery methods used,;;A seconda dei metodi di raffinazione utilizzati,
1264;10834;;Despite its size of only 38,567 sq. km;;Nonostante le sue dimensioni siano di soli 38.567 kmq
5256;10873;;Distinguishing characteristics include;;Le caratteristiche distintive includono
3196;10912;;During the war, Gallia's military, led;;Durante la guerra, l'esercito della Gallia, guidato
2836;10951;;E Europan Imperial Alliance;;E Alleanza Imperiale Europea
3028;10979;;EC (Europan Calendar);;CE (Calendario Europeo)
3052;11001;;Each year is counted in relation to the;;Ogni anno viene conteggiato in relazione al
5844;11041;;Empire's invasion rather than squaring;;L'invasione dell'Impero piuttosto che la quadratura
3816;11080;;Enacted as a way to enforce the position;;Emanato come un modo per far rispettare la posizione
4276;11121;;Equus;;Equus
2740;11127;;Europa;;Europa
5500;11134;;Europa shortly before EWII, Gallia was;;Europa poco prima dell'EWII, la Gallia era
5092;11173;;Europa that its use began. Since the;;Europa che il suo utilizzo > iniziato. Dal momento che il
3060;11210;;Europa was united as a continent. Years;;L'Europa era unita come continente. Anni
5920;11250;;Europa's first tanks were Imperial in;;I primi carri armati di Europa erano Imperiali in
5720;11288;;Europa's oldest indigenous race, said to;;Si dice che la razza indigena piu' antica d'Europa
3376;11329;;Europa, according to inscriptions found;;Europa, secondo le iscrizioni rinvenute
2868;11369;;Europa, pioneers in machine technology,;;Europa, pionieri nella tecnologia delle macchine,
4320;11409;;Europan broad gauge rails, the entire;;Rotaie a scartamento largo europee, l'intera
3444;11447;;Europans. Inscriptions on the monuments;;Europans. Iscrizioni sui monumenti
1752;11487;;Even R&D work on inventing new weaponry;;Anche R&D lavora per inventare nuovi armamenti
1376;11527;;Exports include dairy and bread made;;Le esportazioni includono latticini e pane realizzati
6004;11564;;Federation Tanks;;Carri armati della Federazione
3228;11581;;Federation land, EWII quickly engulfed;;La terra della Federazione, EWII rapidamente inghiottita
3268;11620;;Federation's border republics in quick;;Le repubbliche di confine della Federazione in breve
2552;11659;;Few areas within Gallia have been the;;Poche aree della Gallia sono state
2672;11697;;Following EWI, it served as a checkpoint;;Dopo l'EWI, fungeva da posto di blocco
2332;11738;;Following the Empire's occupation, the;;Dopo l'occupazione dell'Impero, l'
2260;11777;;Fouzen;;Fouzen
3128;11784;;Friction between Federation and Empire;;Attriti tra Federazione e Impero
1208;11823;;Full of nature and rich in ragnite ore,;;Pieno di natura e ricco di minerale di ragnite,
1212;11863;;Gallia borders the Empire to the east;;La Gallia confina con l'Impero a est
1548;11901;;Gallia enjoys a temperate oceanic;;La Gallia gode di un clima oceanico temperato
1504;11935;;Gallia is naturally fortified against;;La Gallia > naturalmente fortificata contro
1396;11973;;Gallia's History;;La storia della Gallia
1492;11990;;Gallia's Topography;;Topografia della Gallia
1236;12010;;Gallia. The first ruling ancestor of the;;Gallia. Il primo antenato regnante della
4084;12051;;Gallian National Arsenal;;Arsenale Nazionale Galliano
5812;12076;;Gallian Tanks;;Carri armati Galliani
1848;12090;;Gallian capital and the outside world;;Il capitale galliano e il mondo esterno
5860;12128;;Gallian engineers led by Professor;;Ingegneri Galliani guidati dal Professor
5348;12163;;Generally smaller than other porcines,;;Generalmente piu' piccoli degli altri suini,
4476;12202;;Height:     35.8m    Weight:  16200t;;Altezza: 35,8 m Peso: 16200 t
4284;12239;;Height:     5.69m   Weight: 288t;;Altezza: 5,69 m Peso: 288 t
4380;12272;;Height:     8.17m  Weight:  245t;;Altezza: 8,17 m Peso: 245 t
5436;12305;;Height:  3.7m     Weight: 0.46t;;Altezza: 3,7 m Peso: 0,46 t
1520;12337;;Hilly plains cover sixty percent of the;;Le pianure collinari coprono il sessanta per cento del
5744;12377;;"History tells of a ""Darcsen Calamity"" in";;"La storia racconta di una ""Calamit= di Darcsen"" in"
5524;12418;;House Randgriz's Secret;;Il segreto di Casa Randgriz
4308;12442;;Imperial General Gregor personally aided;;Il generale imperiale Gregor aiuto' personalmente
5908;12483;;Imperial Tanks;;Carri armati imperiali
6080;12498;;Imperial force by sheer numbers.;;Forza imperiale in termini numerici.
3172;12531;;Imperial force employed a corps of newly;;La forza imperiale impiegava un corpo di nuovi
2364;12572;;Imperial hunts were held in this Fouzen;;In questo Fouzen si tenevano le cacce imperiali
5836;12612;;In EWI, the Gallian force used light;;Nell'EWI, la forza galliana ha utilizzato la luce
3388;12649;;In addition to unifying the land under;;Oltre ad unificare il territorio sotto
2764;12688;;In ancient times, the Valkyrur managed;;Nei tempi antichi, le Valkyrur riuscirono
4800;12727;;In order to justify their actions, the;;Per giustificare le loro azioni,
5560;12766;;In return, the Valkyrur granted the clan;;In cambio, la Valkyrur concesse al clan
5944;12807;;In the medieval military philosophy of;;Nella filosofia militare medievale di
3928;12846;;In times of peace, Gallia's army is made;;In tempo di pace, l'esercito della Gallia > costituito
5096;12887;;Industrial Revolution, it has become a;;Rivoluzione industriale, > diventata una
4348;12926;;Installed in Fouzen upon its completion,;;Installato a Fouzen al suo completamento,
5456;12967;;Isara's father, Theimer, this bi-winged,;;Il padre di Isara, Theimer, questo bi-alato,
3460;13008;;It has been shown that Valkyrur royalty;;E' stato dimostrato che la regalit= di Valkyrur
5056;13048;;It luminesces a characteristic blue hue;;Illumina una caratteristica tonalit= blu
4420;13088;;It represents the enhanced version of an;;Rappresenta la versione migliorata di un
3432;13129;;It uses a set of characters comprised of;;Utilizza un set di caratteri composto da
3284;13170;;It wasn't long before the forces of both;;Non passo' molto tempo prima che le forze di entrambi
1652;13211;;Its single magnificent tower has been;;La sua magnifica torre unica > stata
3992;13249;;Led by the Emperor, the Empire's;;Guidato dall'Imperatore, l'Impero
4664;13282;;Legends of the War of the Valkyrur and a;;Leggende della Guerra dei Valkyrur e un
4280;13323;;Length:       39m   Width: 4.25m;;Lunghezza: 39m Larghezza: 4,25m
4472;13356;;Length:    142.5m    Width:    35.2m;;Lunghezza: 142,5 m Larghezza: 35,2 m
4376;13393;;Length:    20.11m  Width: 10.03m;;Lunghezza: 20,11 m Larghezza: 10,03 m
5432;13426;;Length: 11.6m     Width:  12.5m;;Lunghezza: 11,6 m Larghezza: 12,5 m
5236;13458;;Lion's Paw;;Zampa di leone
3648;13469;;Major practices for celebrating the day;;Principali pratiche per celebrare la giornata
4468;13509;;Marmota;;Marmotta
2648;13517;;Massive and stalwart, this fortress sits;;Massiccia e robusta, questa fortezza si trova
4432;13558;;Maximilian, the body was reinforced and;;Maximilian, il corpo fu rinforzato e
4412;13598;;Maximilian, the leader of the Imperial;;Maximilian, il capo dell'Impero
1684;13637;;Military Headquarters;;Quartier generale militare
1328;13659;;"Mills"" built from an old castle tower in";;"""Mulini"" costruiti da una vecchia torre del castello in"
5068;13700;;Mined primarily in mountainous regions,;;Estratto principalmente nelle regioni montuose,
5208;13740;;New properties and applications for the;;Nuove propriet= e applicazioni per l'
3960;13780;;Officers from the Gallian Army are;;Gli ufficiali dell'esercito gallico sono
3412;13815;;Old Northern Script;;Antica scrittura nordica
3800;13835;;One of Gallia's national precepts states;;Uno dei precetti nazionali della Gallia afferma
2456;13876;;One of several stretches of open shore;;Uno dei tanti tratti di costa aperta
4020;13915;;Operating under a code of conduct with;;Operare secondo un codice di condotta con
4232;13954;;Originally used to cross trenches and as;;Originariamente utilizzato per attraversare le trincee e come
6008;13995;;Partially due to barren arsenals and a;;In parte a causa degli arsenali sterili e di un
1896;14034;;Poor roads, violent peaks and valleys,;;Strade dissestate, picchi e valli violenti,
2952;14073;;Popular uprisings spurred on by the late;;Le rivolte popolari fomentate dalla fine
5332;14114;;Porcavians;;Porcavians
4388;14125;;Power: 1200hp/2400rpm;;Potenza: 1200 CV/2400 giri/min
4484;14147;;Power: 208000hp;;Potenza: 208000hp
5444;14163;;Power: 50hp/2200rpm x2;;Potenza: 50 CV/2200 giri/min x2
4292;14186;;Power: 980hp/1400rpm;;Potenza: 980 CV/1400 giri/min
4132;14207;;Professor Theimer, creator of the tank;;Il professor Theimer, creatore del carro armato
5044;14246;;Ragnite;;Ragnite
5592;14254;;Randgriz was buried even more thoroughly;;Randgriz fu seppellito ancora piu' a fondo
1232;14295;;Randgriz, the hereditary sovereigns of;;Randgriz, i sovrani ereditari di
5776;14334;;Recent use of Darcsen labor to mine and;;Utilizzo recente della manodopera Darcsen per l'estrazione mineraria e
5160;14374;;Refined into liquid ragnoline, it can;;Raffinato in ragnolina liquida, puo'
3840;14412;;Schools of each level offer mandatory;;Le scuole di ogni livello offrono corsi obbligatori
5648;14450;;Sea, much of their historical origin;;Mare, gran parte della loro origine storica
4104;14487;;Seeing the production of arms as a part;;Considerare la produzione di armi come una parte
4568;14527;;Some Europans hold the Valkyrur as the;;Alcuni europei ritengono che il Valkyrur sia il
3296;14566;;Soon, all of Europa was caught up in a;;Presto, tutta Europa fu coinvolta in un
1456;14605;;Stretched thin between multiple fronts,;;Allungato sottile tra piu' fronti,
4180;14645;;Tanks;;Serbatoi
4708;14651;;That said, the bloodline is believed to;;Detto questo, si ritiene che la linea di sangue sia
1972;14691;;The Barious Desert;;Il deserto di Barious
2232;14710;;The Barious Temple served to disseminate;;Il Tempio di Barious serviva a diffondere
5428;14751;;"The Biplane ""ISARA""";;"Il biplano ""ISARA"""
1588;14771;;The Capital City Randgriz;;La capitale Randgriz
2644;14797;;The Citadel at Ghirlandaio;;La Cittadella del Ghirlandaio
3508;14824;;The Darcsen Hunts;;Le cacce di Darcsen
2468;14842;;The Empire turned the sheer cliffs that;;L'Impero trasformo' le ripide scogliere che
3604;14882;;The Feast of All Spirits;;La festa di tutti gli spiriti
3124;14907;;The First Europan War;;La prima guerra europea
3892;14929;;The Gallian Army;;L'esercito gallico
1688;14946;;The Gallian Army's central base stands;;Si trova la base centrale dell'esercito galliano
1780;14985;;The Great Vasel Bridge;;Il grande ponte Vasel
3988;15008;;The Imperial Army;;L'esercito imperiale
4040;15026;;The Imperial army was the first to;;L'esercito imperiale fu il primo a
3144;15061;;The Industrial Revolution of the 18th;;La rivoluzione industriale del XVIII secolo
2856;15099;;The Industrial Revolution that occurred;;La rivoluzione industriale che si > verificata
1876;15139;;The Kloden Wildwood;;La foresta selvaggia di Kloden
4852;15159;;The Lance and Shield;;La lancia e lo scudo
2452;15180;;The Marberry Shore;;La riva di Marberry
2548;15199;;The Naggiar Plains;;Le pianure di Naggiar
1204;15218;;The Principality of Gallia;;Il Principato di Gallia
3220;15245;;The Second Europan War;;La seconda guerra europea
5620;15268;;The Valkyrur;;La Valkyrur
3316;15281;;The War of the Valkyrur;;La guerra delle Valkyrur
4596;15305;;The Yggdist faith arose at the start of;;La fede Yggdist nacque all'inizio di
3480;15345;;The ancient Darcsens were also thought;;Si pensava che anche gli antichi Darcsen
4760;15384;;The ancient Valkyrur invaded Europa from;;L'antica Valkyrur invase Europa da
3320;15425;;The ancient Valkyrur united the Europan;;L'antica Valkyrur uni gli Europani
1800;15465;;The bridge has its origins in the late;;Il ponte ha le sue origini alla fine
1592;15504;;The capital of Gallia since its days as;;Capitale della Gallia fin dai suoi giorni come
2280;15544;;The city is divided between an upper and;;La citt= > divisa tra una parte alta e una
1836;15585;;The city of Vasel grew out from either;;La citt= di Vasel > cresciuta da entrambi
1608;15624;;The city takes its name from the ancient;;La citt= prende il nome dall'antica
2296;15665;;The city's layout allows for ragnite ore;;La conformazione della citt= consente l'estrazione del minerale di ragnite
4692;15706;;The generally held view of this race is;;La visione generalmente condivisa di questa gara >
3728;15746;;The human-shaped dolls, made of thatched;;Le bambole a forma umana, fatte di paglia
3568;15787;;The increased need for labor brought on;;L'aumento della necessit= di manodopera ha portato
2188;15827;;The interior takes the form of a massive;;L'interno ha la forma di un massiccio
2088;15868;;The main temple, said to have been built;;Si dice che il tempio principale sia stato costruito
2964;15909;;The nascent Empire, formed to the east,;;L'Impero nascente, formatosi ad est,
1400;15949;;The nation was formally born in the 3rd;;La nazione nacque formalmente nel 3
1276;15989;;The official currency is the ducat, and;;La moneta ufficiale > il ducato, e
5528;16029;;The original ancestors of House Randgriz;;Gli antenati originali della Casa Randgriz
2936;16070;;The product of an alliance among a large;;Il prodotto di un'alleanza tra una grande
2032;16111;;The remnants of human dwellings dot the;;I resti delle abitazioni umane punteggiano il
4868;16151;;The shields are round, while the lances;;Gli scudi sono rotondi, mentre le lance
3620;16191;;The spirits of the earth, driven away by;;Gli spiriti della terra, scacciati da
2072;16232;;The structures found across the badlands;;Le strutture trovate nelle terre desolate
1348;16273;;The town supposedly began as a hideout;;Si suppone che la citt= sia nata come nascondiglio
1928;16312;;The woods are home to foxes, squirrels;;I boschi ospitano volpi e scoiattoli
3416;16351;;The written form of Old Northern, the;;La forma scritta dell'antico nordico, il
5864;16389;;Theimer came together to develop a new;;Theimer si sono uniti per sviluppare un nuovo
4204;16428;;Their design employs a ragnoline;;Il loro design impiega una ragnolina
5656;16461;;Their ragnite weaponry allegedly granted;;Il loro armamento ragnite presumibilmente concesso
2044;16502;;These days, violent sandstorms assail;;In questi giorni, violente tempeste di sabbia assalgono
5624;16540;;These immigrants from the north are said;;Si dice che questi immigrati dal nord
4812;16581;;They authored a history in which they;;Hanno scritto una storia in cui
2508;16619;;This bloody beach marked the end of the;;Questa spiaggia insanguinata ha segnato la fine del
3032;16659;;This calendar, used across Europa, has;;Questo calendario, utilizzato in tutta Europa, ha
1880;16698;;This expansive primeval forest stretches;;Questa vasta foresta primordiale si estende
1784;16739;;This massive iron drawbridge spans the;;Questo massiccio ponte levatoio in ferro attraversa il
1304;16778;;This small town lies on the Imperial;;Questa piccola citt= si trova sulla costa imperiale
1224;16815;;This small, central Europan nation is a;;Questa piccola nazione dell'Europa centrale > una
3244;16855;;Though EWI ended in a stalemate, both;;Sebbene l'EWI si sia concluso con un pareggio, entrambi
2996;16893;;Though a series of secret alliances and;;Nonostante una serie di alleanze segrete e
5496;16933;;Though aeronautics research began across;;Sebbene la ricerca aeronautica sia iniziata in tutto il mondo
5640;16974;;Though believed to be an oceanic tribe;;Sebbene si creda che sia una tribu' oceanica
5376;17013;;Though some have argued that its wings;;Sebbene alcuni abbiano sostenuto che le sue ali
3752;17052;;Though the basic doll is of traditional;;Sebbene la bambola di base sia tradizionale
4288;17092;;Top Speed: 20km/h;;Velocit= massima: 20 km/h
4480;17110;;Top Speed: 25km/h;;Velocit= massima: 25 km/h
4384;17128;;Top Speed: 30km/h;;Velocit= massima: 30 km/h
5440;17146;;Top Speed: 75km/h;;Velocit= massima: 75 km/h
3704;17164;;Traditionally made by Darcsen people as;;Tradizionalmente realizzato dal popolo Darcsen come
2596;17204;;Trenches dug during EWI also remain,;;Rimangono anche le trincee scavate durante l'EWI,
6060;17241;;Unable to rival the Empire in technology;;Incapace di rivaleggiare con l'Impero in tecnologia
5964;17282;;Unable to stand up to the Empire's tank;;Incapace di resistere al carro armato dell'Impero
2168;17322;;Undiscovered until quite recently, the;;Non scoperto fino a tempi recenti, il
4856;17361;;Unearthed from excavation sites across;;Dissotterrato da siti di scavo in tutto il
3796;17400;;Universal Conscription;;Coscrizione universale
5140;17423;;Uses of Ragnite;;Utilizzi della Ragnite
4948;17439;;Valkof;;Valkof
4564;17446;;Valkyria Worship;;Culto della Valkyria
4660;17463;;Valkyrur Common Knowledge;;Valkyrur Conoscenza comune
4756;17489;;Valkyrur Historical Truth;;La verit= storica di Valkyrur
4580;17515;;Valkyrur are understood as either gods;;Le Valkyrur sono considerate divinit=
5552;17554;;Valkyrur conquest.;;Conquista delle Valkyrur.
4804;17573;;Valkyrur shifted blame for devastating;;Valkyrur ha spostato la colpa per la devastazione
4680;17612;;Valkyrur's existence pervades the land;;L'esistenza di Valkyrur pervade la terra
2116;17651;;Valkyrur, written in Old Northern;;Valkyrur, scritto in antico nordico
1788;17685;;Vasel river, which flows into Lake Graz;;Fiume Vasel, che sfocia nel lago di Graz
5756;17725;;War of the Valkyrur. For their crimes of;;Guerra dei Valkyrur. Per i loro crimini di
1416;17766;;When the Empire invaded Gallia at the;;Quando l'Impero invase la Gallia alla
2892;17804;;While not technically an autocracy, the;;Sebbene non sia tecnicamente un'autocrazia,
1316;17844;;Windmills stand atop the crests of many;;I mulini a vento si ergono in cima alle creste di molti
1496;17884;;With the sea at its north and west and;;Con il mare a nord e a ovest e
1720;17923;;Within its walls lie the army's command;;Tra le sue mura si trova il comando dell'esercito
5564;17963;;a city-state to rule (today's Randgriz),;;una citt=-stato da governare (l'odierna Randgriz),
2236;18004;;a false history to the masses while the;;una falsa storia per le masse mentre il
2584;18044;;a few scraggly patches of grass remain;;rimangono alcuni tratti di erba rada
4512;18083;;a joint effort with the Imperial navy,;;uno sforzo congiunto con la marina imperiale,
1596;18122;;a monarchy, this ancient city has the;;una monarchia, questa antica citt= ha la
2972;18160;;a mutual defense agreement among these;;un accordo di mutua difesa tra questi
2876;18199;;a network of marriages amongst their;;una rete di matrimoni tra loro
4904;18236;;a physical alteration to the weapons';;un'alterazione fisica delle armi
1528;18274;;a rich store of ragnite ore, a valued;;un ricco deposito di minerale di ragnite, un prezioso
3260;18312;;a short 20-year pause, the Empire began;;una breve pausa di 20 anni, l'Impero inizio'
3828;18352;;a three-stage draft according to need,;;una bozza in tre fasi a seconda delle necessit=,
5468;18391;;a vertical rudder. Isara expanded the;;un timone verticale. Isara ha ampliato il
2396;18429;;abducted and used as slave labor, made;;rapiti e usati come schiavi, resi
4916;18468;;abilities.;;abilit=.
4784;18479;;able to unleash the latent power within;;in grado di liberare il potere latente dentro di s<
1884;18519;;across Gallia's south, forming a natural;;attraverso il sud della Gallia, formando un naturale
3940;18560;;addition to the autonomous town watches;;oltre alle ronde cittadine autonome
5932;18600;;after EWI began as a force of extremely;;dopo che l'EWI inizio' come una forza estremamente
1356;18640;;against the king. Perhaps in echo of;;contro il re. Forse in eco di
4604;18677;;all regions of Europa. Its tenets hold;;tutte le regioni d'Europa. I suoi principi sono validi
3720;18716;;all times.;;in ogni momento.
1828;18727;;allowed it to be operated by extending;;ha permesso di azionarlo estendendolo
4120;18766;;also helped keep weapons technology and;;ha anche contribuito a mantenere la tecnologia delle armi e
3044;18806;;also known as the Valkyrian calendar.;;noto anche come calendario Valchiriano.
4156;18844;;amassed his considerable knowledge;;ha accumulato la sua considerevole conoscenza
1692;18879;;amid a wooded area at the outskirts of;;in mezzo a una zona boscosa alla periferia di
2988;18918;;among the constituent republics, meaning;;tra le repubbliche costituenti, cio>
4912;18959;;amplifiers for the race's preternatural;;amplificatori per il soprannaturale della razza
5508;18999;;an airplane remains a rare treat.;;un aereo resta una rarit=.
1428;19033;;an autonomous region within the Empire;;una regione autonoma all'interno dell'Impero
4972;19072;;an extremely destructive beam of light.;;un raggio di luce estremamente distruttivo.
5176;19112;;an incendiary agent in flamethrowers, ;;un agente incendiario nei lanciafiamme,
4672;19151;;ancient people can be found in all areas;;gli antichi popoli si possono trovare in tutte le zone
5728;19192;;ancient times. They are characterized by;;tempi antichi. Sono caratterizzati da
1368;19233;;and Bruhlers are famed for taking pride;;e i Bruhler sono famosi per essere orgogliosi
4356;19273;;and Darcsen laborer escape attempts.;;e i tentativi di fuga del lavoratore Darcsen.
2424;19310;;and Imperial soldiers kept a close watch;;e i soldati imperiali tenevano d'occhio attentamente
1268;19351;;and a population of just over 430,000,;;e una popolazione di poco piu' di 430.000 abitanti,
1740;19390;;and a relaxation lounge for the;;e una sala relax per i
3560;19422;;and abroad for Darcsen captives.;;e all'estero per i prigionieri Darcsen.
3832;19455;;and applies to men and women alike.;;e si applica indistintamente agli uomini e alle donne.
4520;19491;;and battleship in a new class called the;;e corazzata in una nuova classe chiamata
5184;19532;;and countless others. Medical scientists;;e innumerevoli altri. Scienziati medici
1900;19573;;and extremely dense vegetation combine;;e una vegetazione estremamente densa si combinano
4612;19612;;and its mythology draws heavily from the;;e la sua mitologia trae molto dal
5568;19653;;and made them the Valkof's keepers. The;;e li ha resi custodi del Valkof. Il
3464;19693;;and members of the high clergy used a;;e i membri dell'alto clero usavano un
3532;19731;;and persecution against Darcsens that;;e la persecuzione contro Darcsens che
5792;19769;;and persecution, the Darcsens remain a;;e persecuzione, i Darcsen rimangono un
1932;19808;;and rabbits, as well as larger animals;;e conigli, cosi come animali piu' grandi
1832;19847;;and retracting a single pair of cables.;;e ritraendo una singola coppia di cavi.
1408;19887;;and rule over surrounding areas began.;;e inizio' il dominio sulle aree circostanti.
4056;19926;;and secured the Empire's military;;e protesse l'esercito dell'Impero
1216;19960;;and the Federation on its western edge.;;e la Federazione sul suo confine occidentale.
2076;20000;;and the temple at the crater's core are;;e il tempio al centro del cratere sono
3184;20040;;and the two exhausted powers ultimately;;e le due potenze esaurite alla fine
4528;20080;;and two propellers work in parallel to;;e due eliche lavorano in parallelo per
4776;20119;;and ultimately subjugated them. Skilled;;e alla fine li ha soggiogati. Abile
2108;20159;;antechamber are inscribed with a history;;l'anticamera > incisa con una storia
5076;20200;;any number of applications. Though the;;qualsiasi numero di applicazioni. Sebbene il
4544;20239;;apparatus is said to have been installed;;si dice che l'apparecchio sia stato installato
5380;20280;;are an adaptation that makes these pigs;;sono un adattamento che rende questi maiali
1324;20320;;"are as large as the so-called ""Sister";;"sono grandi quanto la cosiddetta ""Sorella"""
3864;20358;;are eligible for the rank of lieutenant;;sono idonei al grado di tenente
2052;20398;;are few.;;sono pochi.
5292;20407;;are known to thrive even under adverse;;sono noti per prosperare anche in condizioni avverse
2040;20446;;area was once the site of a large city.;;un tempo la zona ospitava una grande citt=.
5928;20486;;armored corps took to the field shortly;;il corpo corazzato scese in campo poco dopo
1340;20526;;"as ""Miller's Home.""";;"come ""Casa di Miller""."
5200;20546;;as Ragnaid.;;come Ragnaid.
4536;20558;;as a mobile platform for the Valkof. An;;come piattaforma mobile per il Valkof. Un
5192;20598;;as a painkiller, developing a controlled;;come antidolorifico, sviluppando un effetto controllato
2716;20639;;as a storehouse for weaponry to be used;;come deposito per le armi da utilizzare
1432;20679;;as archduke. But as democratic movements;;come arciduca. Ma come movimenti democratici
4684;20720;;as common knowledge.;;come di dominio pubblico.
4704;20741;;as far as to worship them as divinities.;;al punto di adorarli come divinit=.
4696;20782;;as saviors of the continent who led all;;come salvatori del continente che hanno guidato tutti
4892;20822;;as the Valkyrian Spiral as a core motif.;;con la Spirale Valkyrur come motivo centrale.
1256;20863;;as the seat of Gallian rule.;;come sede del dominio della Gallia.
3964;20892;;assigned to lead militia regiments and;;assegnato a guidare reggimenti di milizia e
3036;20931;;at its origin the Valkyrur conquest of;;alla sua origine la conquista da parte dei Valkyrur
4548;20970;;at the rear of its main deck.;;nella parte posteriore del ponte principale.
4252;21000;;attack tanks in EWI, all of Europa began;;carri armati d'attacco in EWI, tutta Europa inizio'
4820;21041;;basis for authoritarian rule. Much;;base per il governo autoritario. Molto
3968;21076;;battalions as necessary.;;battaglioni secondo necessit=.
5576;21101;;be Valkyrur themselves, writing their;;essere Valkyrur stessi, scrivendo il loro
1912;21139;;be impenetrable except by foot, Kloden;;essere impenetrabile se non a piedi, Kloden
5000;21178;;been mounted on a massive ark when used;;> stato montato su un'arca massiccia quando > stato utilizzato
2000;21218;;been reduced to a huge, uniquely-shaped;;> stato ridotto a un enorme, dalla forma unica
5540;21258;;before the Valkyrur invasion. When the;;prima dell'invasione delle Valkyrur. Quando il
3636;21297;;beginning of their renewed exchanges of;;inizio dei loro rinnovati scambi di
2196;21337;;below the surface around a large column.;;sotto la superficie attorno a una grande colonna.
5548;21378;;betray their race by aiding in the ;;tradiscono la loro razza aiutando nella
5580;21414;;betrayal out of history. The Valkof was;;tradimento fuori dalla storia. Il Valkof era
5384;21454;;better suited to life in their habitat,;;piu' adatti alla vita nel loro habitat,
4644;21494;;between one sect and the next.;;tra una setta e l'altra.
2576;21525;;between the Empire and Gallia, this area;;tra l'Impero e la Gallia, questa zona
2960;21566;;birth to a number of new democracies.;;dando vita a numerose nuove democrazie.
5672;21604;;blue light that allowed them to perform;;luce blu che ha permesso loro di esibirsi
3180;21644;;bogged down in fruitless trench warfare,;;impantanato in una sterile guerra di trincea,
1308;21685;;border at the eastern edge of Gallia.;;confine all'estremit= orientale della Gallia.
1888;21723;;border with the Empire.;;confine con l'Impero.
3292;21747;;borders of other neighboring nations.;;confini di altre nazioni vicine.
2524;21785;;breach the base's ironclad defenses.;;violare le difese corazzate della base.
5088;21822;;brought their refinery technology to;;hanno portato la loro tecnologia di raffinazione a
5980;21859;;build bigger and tougher juggernauts. In;;costruire colossi piu' grandi e piu' resistenti. In
6072;21900;;building a force of tanks with middling;;costruire una forza di carri armati con media
5884;21940;;but Gallian Army leaders dismissed his;;ma i leader dell'esercito gallico lo respinsero
3200;21979;;by General Belgen Gunther's tank corps,;;dal corpo di carri armati del generale Belgen Gunther,
3552;22019;;by dedicated squads whose sole job is to;;da squadre dedicate il cui unico compito > quello di
3912;22060;;by independent watch groups, and;;da gruppi di controllo indipendenti, e
2092;22093;;by the ancient Valkyrur, was constructed;;dall'antica Valkyrur, fu costruita
3572;22134;;by the onset of war saw hunts grow both;;con l'inizio della guerra la caccia vide crescere sia
5356;22174;;by the wing-shaped appendages that grow;;dalle appendici a forma di ala che crescono
3588;22214;;camps across Europa.;;campi in tutta Europa.
4332;22235;;cannon car and a heavily armored defense;;carro armato e una difesa pesantemente corazzata
2712;22276;;cannons and began to use the structure;;cannoni e comincio' ad utilizzare la struttura
6076;22315;;capabilities large enough to combat the;;capacit= sufficientemente grandi da combattere la
1252;22355;;capital city Randgriz, establishing it;;capitale Randgriz, istituendola
1816;22394;;capital. A 19th Century renovation saw;;capitale. Una ristrutturazione del XIX secolo vide
4336;22433;;car, both equipped with machine guns and;;auto, entrambe dotate di mitragliatrici e
1248;22474;;castle on the site of what is now the;;castello sul sito di quello che oggi > il
1624;22512;;castle walls stretching 1km in diameter,;;mura del castello che si estendono per 1 km di diametro,
4428;22553;;castles or fortresses. Under orders from;;castelli o fortezze. Su ordine di
2012;22594;;center. Thought to be the result of a;;centro. Si pensa che sia il risultato di un
6028;22632;;centered around foot soldier tactics,;;incentrato sulle tattiche dei soldati di fanteria,
3468;22670;;ceremonial variant of the script, though;;variante cerimoniale della scrittura, sebbene
4324;22711;;chassis of this ragnite engine is plated;;il telaio di questo motore ragnite > placcato
4028;22752;;chivalry, troops are expected to give;;cavalleria, ci si aspetta che le truppe diano
4792;22790;;cities and crush the Darcsen defenses.;;citt= e annientare le difese di Darcsen.
2820;22829;;clash of these two behemoths.;;scontro tra questi due colossi.
2496;22859;;cliffside further contributed to making;;la scogliera ha contribuito ulteriormente a rendere
1552;22899;;climate with little variation in rain;;clima con poca variazione di pioggia
5272;22937;;close to the ground's surface in;;vicino alla superficie del terreno in
4636;22970;;closely to everyday practices, regional;;strettamente alle pratiche quotidiane, regionali
3744;23010;;cloth and colored thread.;;stoffa e filo colorato.
5276;23036;;clusters, with stalks bearing the;;grappoli, con steli che portano il
5472;23070;;cockpit to seat two in order to allow;;cabina di guida per due posti in modo da consentire
5464;23108;;cockpit, horizontal wings and tail, and;;cabina di pilotaggio, ali orizzontali e coda, e
2940;23148;;collective of West Europan democracies,;;collettivo delle democrazie dell'Europa occidentale,
2080;23188;;collectively called the Barious Ruins.;;collettivamente chiamate Rovine Barious.
4344;23227;;command car from which Gregor presides.;;carrozza di comando da cui Gregor presiede.
2848;23267;;"commonly referred to as ""The Empire.""";;"comunemente chiamato ""L'Impero""."
1564;23305;;conditions for livestock and grain are;;le condizioni per il bestiame e il grano sono
5296;23344;;conditions, weathering times of extreme;;condizioni, tempi di esposizione estremi
5692;23384;;conquest, interbreeding with the native;;conquista, incrocio con i nativi
4620;23424;;conquest.;;conquista.
3632;23434;;conquest. This day is said to mark the;;conquista. Si dice che questo giorno segni la
1228;23473;;constitutional monarchy, ruled by House;;monarchia costituzionale, governata dalla Camera
4096;23513;;constructs all of Gallia's weapons.;;costruisce tutte le armi della Gallia.
1632;23549;;contains the seat of Gallia's politics,;;contiene la sede della politica della Gallia,
3324;23589;;continent after subjugating the Darcsens;;continente dopo aver sottomesso i Darcsen
5220;23630;;continue to grow in use and value.;;continuano a crescere in termini di utilizzo e valore.
2676;23665;;controlling the flow of people and goods;;controllo del flusso di persone e merci
1980;23706;;covers the eastern Gallian basin area,;;copre l'area del bacino orientale della Gallia,
2004;23745;;crater with a host of deep crags issuing;;cratere con una serie di profonde scogliere che emergono
4196;23786;;created to break across defensive lines. ;;creato per superare le linee difensive.
2600;23828;;criss-crossing the region in a complex;;attraversando la regione in modo complesso
2904;23867;;customs and practices held over from;;usi e costumi tramandati da
5732;23904;;dark blue-black hair and shawls bearing;;capelli blu-neri scuri e scialli che portano
3536;23944;;dates back to the War of the Valkyrur,;;risale alla Guerra dei Valkyrur,
1472;23983;;declaring neutrality and establishing a;;dichiarando la neutralit= e stabilendo una
2220;24023;;defeated the indigenous Darcsens and;;sconfisse gli indigeni Darcsens e
3916;24060;;defensive preparations are made on a;;i preparativi difensivi vengono effettuati su un
5924;24097;;design and manufacture. The Empire's;;progettazione e fabbricazione. L'Impero
3756;24134;;design, makers are free to add their own;;design, i produttori sono liberi di aggiungere il proprio
3176;24175;;developed tanks, hostilities soon became;;sviluppati i carri armati, le ostilit= divennero presto
4052;24216;;development that redefined war in Europa;;sviluppo che ha ridefinito la guerra in Europa
4640;24257;;differences abound, blurring the lines;;le differenze abbondano, confondendo i confini
3448;24296;;discovered across the continent suggest;;scoperti in tutto il continente suggeriscono
5196;24336;;disinfectant and restorative agent known;;agente disinfettante e ricostituente noto
4220;24377;;distinctive blue light and extreme heat,;;luce blu distintiva e calore estremo,
4260;24418;;diverse array of models seen today.;;vasta gamma di modelli visibili oggi.
2776;24454;;divisions arose as influential leaders;;le divisioni sono sorte quando i leader influenti
5368;24493;;does not strictly apply).;;non si applica rigorosamente).
3808;24519;;drafted into service in times of war.;;arruolati in servizio in tempo di guerra.
5016;24557;;dreadnought, Marmota, but a dearth;;dreadnought, Marmota, ma una carenza
2756;24592;;dreams of domination for millennia.;;sogna il dominio da millenni.
1852;24628;;due to its key position on both ground;;grazie alla sua posizione chiave su entrambi i terreni
2692;24667;;echelon officers as a base of operations;;ufficiali di scaglione come base operativa
1636;24708;;economy and culture.;;economia e cultura.
1948;24729;;elm and oak. Untouched by human hands,;;olmo e quercia. Non toccati da mani umane,
2104;24768;;else in Gallia. Inside, the walls of the;;altrove in Gallia. All'interno, le mura del
2896;24809;;emperor enjoys limitless authority;;l'imperatore gode di un'autorit= illimitata
4112;24844;;end weapons importation and founded a;;porre fine all'importazione di armi e fondare una
5700;24882;;ended the pure Valkyrian bloodline.;;pose fine alla stirpe pura delle Valkyrian.
5680;24918;;ends and legend begins, none can say.;;finisce e inizia la leggenda, nessuno puo' dirlo.
2864;24956;;energy source saw the nations of eastern;;fonte energetica ha visto le nazioni dell'est
5152;24997;;energy suited to a spectrum of needs.;;energia adatta a uno spettro di esigenze.
1568;25035;;equally favorable, Gallia practices a;;ugualmente favorevole, la Gallia pratica una
2036;25073;;eroded landscape, suggesting that this;;paesaggio eroso, suggerendo che questo
1712;25112;;establishing this facility during EWI.;;istituire questa struttura durante l'EWI.
2204;25151;;etched in a ceremonial script detail the;;incisi in una scrittura cerimoniale dettagliano il
5604;25192;;events.;;eventi.
3456;25200;;everyday communication and in rituals.;;nella comunicazione quotidiana e nei rituali.
5392;25239;;evolution has emerged.;;> emersa l'evoluzione.
4004;25262;;exception, with several of the highest;;eccezione, con alcuni dei piu' alti
2984;25301;;executive, unanimous agreements are rare;;gli accordi esecutivi e unanimi sono rari
4992;25342;;existence. Studies performed after EWII;;esistenza. Studi condotti dopo la Seconda Guerra Mondiale
4424;25382;;existing design, created to fell enemy;;progetto esistente, creato per abbattere il nemico
5120;25421;;expand their borders in a growing war;;espandere i propri confini in una guerra crescente
4540;25459;;experimental artificial Valkyria;;Valkyria artificiale sperimentale
2380;25492;;faced with the task of staffing its ore;;di fronte al compito di dotare il suo minerale di personale
3740;25532;;facial expressions are added using scrap;;le espressioni facciali vengono aggiunte utilizzando scarti
4728;25573;;fact than as the stuff of legend.;;fatto piuttosto che materiale di leggenda.
5856;25607;;fearsome armored corps, a group of;;temibile corpo corazzato, un gruppo di
3612;25642;;festival is now an official holiday.;;il festival > ora una festivit= ufficiale.
5216;25679;;few doubt that this resource will only;;pochi dubitano che questa risorsa sar= solo
3732;25718;;fishergrass, wear shawls bearing the;;fishergrass, indossa scialli con la scritta
4436;25755;;fitted with a ragnite cannon, adding to;;dotato di un cannone ragnite, che si aggiunge a
1536;25795;;flatlands to the north, while the rest;;pianure a nord, mentre il resto
2308;25834;;flow. Trolley cars stationed throughout;;flusso. Carrelli stazionati ovunque
3204;25874;;foiled an Imperial invasion attempt.;;svento' un tentativo di invasione imperiale.
4236;25911;;foot soldier support, economic and;;supporto ai soldati di fanteria, economico e
1352;25946;;for Royal Guard soldiers who'd revolted;;per i soldati della Guardia Reale che si erano ribellati
4048;25986;;for armored cavalry units), a;;per le unit= di cavalleria corazzata), un
3668;26016;;for couples in love to mimic the spirits;;per le coppie innamorate per imitare gli spiriti
2292;26057;;for decades to create the present slope.;;per decenni fino a creare l'attuale pendenza.
1444;26098;;for freedom from the Empire, resulting;;per la libert= dall'Impero, risultante
5124;26137;;for resources.;;per le risorse.
3396;26152;;for the birth of modern Europan culture.;;per la nascita della moderna cultura europea.
2696;26193;;for the ensuing large-scale invasion.;;per la successiva invasione su larga scala.
1728;26231;;for weapon storage and maintenance, and;;per lo stoccaggio e la manutenzione delle armi, e
3956;26271;;force (called the Gallian Army).;;forza (chiamata Esercito Gallico).
5968;26304;;force directly, neighboring countries;;forza direttamente, paesi confinanti
2492;26342;;fortifications carved directly into the;;fortificazioni scavate direttamente nel
3944;26382;;found across the nation. When at war, a;;trovati in tutta la nazione. Quando in guerra, un
5360;26422;;from its back (because it is incapable;;dalla sua schiena (perch< > incapace
1380;26461;;from locally grown wheat.;;dal grano coltivato localmente.
4876;26487;;from ragnite more pure than even current;;da ragnite piu' pura anche di quella attuale
2520;26528;;from the area, each of them failing to;;dalla zona, ognuno dei quali non > riuscito a
3360;26567;;"from the north, bearing a ""divine power""";;"dal nord, portatore di un ""potere divino"""
5768;26608;;from their jobs and property, and remain;;dal loro lavoro e dalla loro propriet=, e rimangono
4208;26649;;fuel combustion engine in which energy;;motore a combustione interna in cui l'energia
5164;26688;;fuel lamps or power vehicles, granting;;lampade a combustibile o veicoli elettrici, concedendo
2024;26727;;full of large, circular holes.;;pieno di grandi fori circolari.
3000;26758;;gains won by extortion and blackmail put;;i guadagni ottenuti con estorsione e ricatto mettono
3708;26799;;gifts for loved ones, these dolls are;;regali per i propri cari, queste bambole sono
2020;26837;;ground match standing rock formations;;formazioni rocciose verticali di corrispondenza del terreno
2556;26875;;grounds for more battles through history;;motivi per altre battaglie nella storia
4244;26916;;grow to fill a number of combat roles.;;crescere fino a ricoprire diversi ruoli di combattimento.
2140;26955;;hall also holds a door leading down into;;la sala ha anche una porta che conduce giu' in
5300;26996;;hardship to bloom again the next year.;;difficolt= a fiorire di nuovo l'anno successivo.
3716;27035;;harm, and are kept on one's person at;;danno, e sono tenuti sulla propria persona a
1440;27073;;harnessed that energy in Gallia to push;;ha sfruttato quell'energia in Gallia per spingere
1916;27113;;has been a living fortification against;;> stata una fortificazione vivente contro
4956;27153;;have been used by the Valkyrur during;;sono stati utilizzati dai Valkyrur durante
4712;27191;;have died out long ago, resulting in a;;si sono estinti molto tempo fa, con conseguente
5724;27230;;have lived across the continent since;;hanno vissuto in tutto il continente da
4576;27268;;have possessed superhuman abilities, the;;hanno posseduto abilit= sovrumane,
3340;27309;;have ravaged much of Europa, wielding;;hanno devastato gran parte di Europa, brandendo
4996;27347;;have suggested that the Valkof may have;;hanno suggerito che il Valkof potrebbe avere
5828;27387;;heavy tanks focused on firepower.;;carri armati pesanti focalizzati sulla potenza di fuoco.
5476;27421;;her brother Welkin to join her. Engines;;suo fratello Welkin per unirsi a lei. Motori
1464;27461;;hold, and the small nation rose as the;;tenere, e la piccola nazione si alzo' come il
1240;27500;;house, revered as the legendary hero of;;casa, venerato come l'eroe leggendario di
5888;27540;;ideas. Consequently, most of Gallia's;;idee. Di conseguenza, la maggior parte delle Gallie
2212;27578;;immigrants from the north with advanced;;immigrati dal nord con tecnologie avanzate
2884;27618;;in a formal international alliance.;;in un'alleanza internazionale formale.
3156;27654;;in a race for resources. When the crown;;in una corsa per le risorse. Quando la corona
2100;27694;;in an architectural style found nowhere;;in uno stile architettonico che non si trova da nessuna parte
5004;27734;;in ancient times. If true, knowledge of;;nei tempi antichi. Se > vero, la conoscenza di
3368;27774;;in blue light. Using those to halt the;;in luce blu. Usando quelli per fermare il
3856;27813;;in combat skills. Universities double as;;nelle abilit= di combattimento. Le universit= raddoppiano come
3520;27854;;in eastern Europa.;;nell'Europa orientale.
3672;27873;;in exchanging tokens of their affection.;;scambiandosi segni del loro affetto.
1372;27914;;in guarding their homes themselves.;;nella custodia delle proprie case.
3380;27950;;in ruins across Europa.;;in rovina in tutta Europa.
2720;27974;;in the Gallian incursion.;;nell'incursione gallica.
1448;28000;;in the War of Gallian Independence.;;nella guerra d'indipendenza gallica.
4312;28036;;in the design and development of this;;nella progettazione e nello sviluppo di questo
3364;28074;;in the form of lances and shields bathed;;sotto forma di lance e scudi bagnati
2516;28115;;in the many attempts to oust the Empire;;nei numerosi tentativi di spodestare l'Impero
2564;28155;;in the nation's northeastern region.;;nella regione nord-orientale del Paese.
4780;28192;;in the use of ragnite and genetically;;nell'uso della ragnite e geneticamente
4328;28230;;in thick armor. It tows a massive;;in spessa armatura. Traina un massiccio
3328;28264;;in this half-legendary war of conquest.;;in questa guerra di conquista quasi leggendaria.
5340;28304;;in wooded areas in central Europa.;;nelle zone boschive dell'Europa centrale.
3652;28339;;include the exchange of gifts between;;includere lo scambio di doni tra
4828;28377;;including their origins and the basis of;;comprese le loro origini e la base di
1468;28418;;independent Principality of Gallia,;;Principato indipendente di Gallia,
3256;28454;;inevitable return to hostilities. After;;inevitabile ritorno alle ostilit=. Dopo
2976;28494;;infant republics. Though an elected Head;;repubbliche infantili. Sebbene un capo eletto
2408;28535;;inhumane conditions.;;condizioni disumane.
4144;28556;;initial staff, matched only by Bernhardt;;personale iniziale, eguagliato solo da Bernhardt
3136;28597;;"into a continent-wide war, ""EWI.""";;"in una guerra che coinvolge l'intero continente, ""EWI""."
2680;28631;;into and out of Gallia. At the onset;;dentro e fuori dalla Gallia. All'inizio
1920;28668;;invasion since Gallia's inception.;;invasione sin dall'inizio della Gallia.
4416;28703;;invasion, commanded this massive tank.;;invasione, comandava questo enorme carro armato.
1508;28742;;invasion, historically allowing it to;;invasione, consentendole storicamente di
4212;28780;;is harnessed from the explosive ignition;;> sfruttato dall'accensione esplosiva
1560;28821;;is highly fertile. Because growing;;> altamente fertile. Perch< crescere
1540;28856;;is largely occupied by lush farmland.;;> in gran parte occupata da rigogliosi terreni agricoli.
5168;28894;;it a broad range of civilian uses. Its;;un'ampia gamma di usi civili. Il suo
1272;28933;;it boasts a rich and unique culture.;;vanta una cultura ricca e unica.
1280;28970;;it is characterized by policies of armed;;> caratterizzata da politiche di guerra armata
4352;29011;;it is used to deter both enemy invasion;;viene utilizzato per scoraggiare entrambe le invasioni nemiche
1820;29051;;it made into a retractable drawbridge;;> stato trasformato in un ponte levatoio retrattile
5956;29089;;it marched across the continent.;;attraverso' il continente.
2664;29122;;it now stands as a modern fortress.;;ora si erge come una fortezza moderna.
2992;29158;;it often takes months to enact measures.;;spesso ci vogliono mesi per emanare misure.
1860;29199;;it to the North Sea.;;verso il Mare del Nord.
4788;29220;;it, they used the Valkof to incinerate;;loro usarono il Valkof per incenerire
4440;29259;;its already formidable capabilities. It;;le sue capacit= gi= formidabili.
5868;29299;;kind of tank that could be mass produced;;tipo di carro armato che potrebbe essere prodotto in serie
6044;29340;;knew well the necessity for heavy tanks;;conosceva bene la necessit= dei carri armati pesanti
5952;29380;;knight, and stood at the army's core as;;cavaliere, e stava al centro dell'esercito come
2136;29420;;known as the Valkyrian Spiral, the grand;;conosciuta come la Spirale Valkyrian, la grande
2944;29461;;"known informally as ""The Federation.""";;"conosciuta informalmente come ""La Federazione""."
6012;29499;;lack of infrastructure in the Federation;;mancanza di infrastrutture nella Federazione
2748;29540;;land mass in the northern hemisphere,;;massa terrestre nell'emisfero settentrionale,
4316;29578;;large armored train. Designed to fit;;grande treno blindato. Progettato per adattarsi
3236;29615;;largest-scale war in Europa's history.;;la guerra piu' grande nella storia di Europa.
4152;29654;;lead the arsenal, is said to have;;guidare l'arsenale, si dice che abbia
2816;29688;;left to weather the waves caused by the;;lasciato a resistere alle onde causate dal
1556;29728;;levels throughout the year, and the soil;;livelli durante tutto l'anno e il terreno
5268;29769;;like  tiny snowflakes. Its leaves spread;;come piccoli fiocchi di neve. Le sue foglie si diffondono
1936;29810;;like deer and boar and rarities such as;;come cervi e cinghiali e rarit= come
1656;29850;;likened to a unicorn's horn, giving rise;;paragonato al corno di un unicorno, dando origine
1664;29891;;likeness of the mythical beast.;;somiglianza della bestia mitica.
3420;29923;;lingua franca of Europa following its;;lingua franca d'Europa a seguito della sua
1736;29961;;living quarters, a mess hall, infirmary,;;alloggi, mensa, infermeria,
5988;30002;;long remained one step ahead.;;rimase a lungo un passo avanti.
1600;30032;;longest history of any in Europa.;;la piu' lunga storia in Europa.
3640;30066;;love during the peace that followed.;;amore durante la pace che segui.
3656;30103;;lovers. In the past, presents were given;;amanti. In passato, i regali venivano dati
2284;30144;;lower level along either side of a steep;;livello inferiore lungo entrambi i lati di un ripido
4044;30185;;make and employ tanks (their replacement;;realizzare e utilizzare carri armati (la loro sostituzione
2304;30226;;manufacturing along a smooth, logical;;produzione lungo un percorso fluido e logico
2336;30264;;manufacturing process's labor needs were;;le esigenze di manodopera del processo di produzione erano
4724;30305;;many who view them less as historical;;molti che li considerano meno storici
1648;30343;;marks the iconic heart of the capital.;;segna il cuore iconico della capitale.
2016;30382;;massive explosion, these fissures in the;;esplosione massiccia, queste fessure nel
3852;30423;;meaning all Gallians have basic training;;il che significa che tutti i Galliani hanno un addestramento di base
1760;30464;;mechanics and engineers hard at work;;meccanici e ingegneri al lavoro
1804;30501;;medieval era, when it was built with two;;epoca medievale, quando fu costruita con due
2908;30542;;medieval times, and its people are known;;epoca medievale, e la sua gente > conosciuta
2340;30583;;met by Darcsen labor camp detainees.;;incontrato dai detenuti del campo di lavoro di Darcsen.
5172;30620;;military applications include tank fuel,;;le applicazioni militari includono il carburante dei serbatoi,
3844;30661;;military education, and all citizens are;;istruzione militare, e tutti i cittadini sono
3948;30702;;militia is drafted from the civilian;;la milizia > arruolata tra i civili
2384;30739;;mines, smelting facilities and arsenals;;miniere, fonderie e arsenali
1572;30779;;mixed form of agriculture.;;forma mista di agricoltura.
3576;30806;;more frequent and violent. Victims were;;piu' frequenti e violenti. Le vittime erano
3764;30846;;more personal.;;piu' personale.
1524;30861;;nation's land, and its mountains contain;;la terra della nazione, e le sue montagne contengono
5536;30902;;natives who had ruled portions of Europa;;nativi che avevano governato parti di Europa
5664;30943;;natives, though other accounts suggest;;nativi, anche se altri resoconti suggeriscono
1908;30982;;natural sense of direction. Thought to;;senso naturale dell'orientamento. Pensato per
5244;31021;;near and dear to the hearts of many as a;;vicino e caro al cuore di molti come
1792;31062;;near the walls of Castle Randgriz.;;vicino alle mura del Castello Randgriz.
2604;31097;;network of deep scars.;;rete di profonde cicatrici.
1284;31120;;neutrality and universal conscription.;;neutralit= e coscrizione universale.
6036;31159;;new and terrifying form of warfare. By;;nuova e terrificante forma di guerra. Da
4116;31198;;new domestic arsenal during EWI. This;;nuovo arsenale nazionale durante l'EWI. Questo
5388;31236;;no convincing explanation of porcavian;;nessuna spiegazione convincente del porcavian
3440;31275;;no longer legible to most contemporary;;non piu' leggibile per la maggior parte dei contemporanei
3488;31314;;no material evidence remains today to;;non rimane oggi alcuna prova materiale a riguardo
1364;31352;;nonetheless has an active town watch,;;ha comunque una vigilanza cittadina attiva,
2460;31390;;north of the Fouzen industrial region.;;a nord della zona industriale di Fouzen.
4764;31429;;northern lands known to be exceptionally;;terre del nord note per essere eccezionalmente
4616;31470;;northern legends brought in during their;;leggende del nord portate durante il loro
5544;31511;;northerners arrived, this clan chose to;;quando arrivarono i settentrionali, questo clan scelse di
5504;31551;;not among its pioneers, so the sight of;;non tra i suoi pionieri, quindi la vista di
4668;31591;;number of traditions that stem from this;;numero di tradizioni che derivano da questo
4572;31632;;object of religious worship. Known to;;oggetto di culto religioso. Noto a
4988;31670;;of Castle Randgriz and written out of;;del Castello Randgriz e scritto fuori da
3516;31708;;of Darcsens, practiced most frequently;;di Darcsens, praticato piu' frequentemente
2684;31747;;of EWII, Imperial forces claimed it for;;di Ewii, le forze imperiali lo hanno affermato per
4700;31787;;of Europa to prosperity, with some going;;dell'Europa verso la prosperit=, con alcuni che vanno
4676;31828;;of Europa, and a basic awareness of the;;di Europa, e una conoscenza di base dell'
5600;31868;;of any knowledge about historical;;di qualsiasi conoscenza storica
3820;31902;;of armed neutrality adopted after Gallia;;di neutralit= armata adottata dopo la Gallia
6052;31943;;of armored vehicles began in earnest.;;dei veicoli blindati comincio' a funzionare sul serio.
2792;31981;;of conquest began.;;della conquista ebbe inizio.
1812;32000;;of defensive installations around the;;di installazioni difensive attorno al
5020;32038;;of evidence has kept all speculation in;;delle prove ha tenuto a bada ogni speculazione
5364;32078;;"of flight, the biological term ""wing""";;"del volo, il termine biologico ""ala"""
4216;32116;;of liquid ragnite. Byproducts include a;;di ragnite liquida. I sottoprodotti includono un
4108;32156;;of national defense, leaders elected to;;della difesa nazionale, leader eletti a
5788;32196;;of stereotypes. Despite endless derision;;di stereotipi. Nonostante la derisione infinita
4164;32237;;of talented Darcsen engineers.;;dei talentuosi ingegneri Darcsen.
6024;32268;;of tank technology. To Federation forces;;della tecnologia dei carri armati. Alle forze della Federazione
2112;32309;;of the Darcsen Calamity and War of the;;della calamit= di Darcsen e della guerra del
4448;32348;;of the citadel at Ghirlandaio.;;della cittadella del Ghirlandaio.
1320;32379;;of the region's rolling hills, but few;;delle dolci colline della regione, ma poche
1944;32418;;of this deciduous forest, also rich in;;di questa foresta decidua, ricca anche di
1620;32457;;of today's House Randgriz. Surrounded by;;dell'odierna Casa Randgriz. Circondata da
4192;32498;;of warfare, these armored vehicles were;;della guerra, questi veicoli blindati erano
5848;32538;;off against the attack-heavy Imperial;;contro l'attacco pesante dell'Impero
3860;32576;;officer training schools, and graduates;;scuole di formazione ufficiali e laureati
2428;32616;;on detainees from atop watchtowers built;;sui detenuti dall'alto delle torri di guardia costruite
2652;32657;;on the Gallian-Imperial border. Built in;;sul confine Gallio-Imperiale. Costruito nel
6064;32698;;or military prowess, they instead chose;;o abilit= militare, hanno invece scelto
3548;32738;;or simply executed. Hunts are performed;;o semplicemente eseguite. Le cacce vengono eseguite
4584;32778;;or the vassals of god in several sects,;;o i vassalli di Dio in diverse sette,
5212;32818;;ore continue to be discovered daily, and;;il minerale continua ad essere scoperto ogni giorno, e
5052;32859;;ore has become vital to daily existence.;;il minerale > diventato essenziale per l'esistenza quotidiana.
5080;32900;;ore's existence was known in ancient;;l'esistenza del minerale era nota nell'antichit=
5480;32937;;originally used in armored vehicles but;;originariamente utilizzato nei veicoli blindati ma
1732;32977;;other military facilities. It also holds;;altre strutture militari. Contiene anche
2008;33018;;out from a massive gulch at the basin's;;fuori da un burrone enorme nel bacino
1336;33058;;out from the mill, Bruhl is also known;;fuori dal mulino, Bruhl > anche conosciuto
2708;33097;;outfitted its facade with powerful fixed;;ha dotato la sua facciata di potenti elementi fissi
1956;33138;;over a thousand years old.;;vecchio di oltre mille anni.
5596;33165;;over centuries of ruthless suppression;;per secoli di spietata repressione
1616;33204;;over the surrounding area, the ancestor;;sopra la zona circostante, l'antenato
4124;33244;;plans from leaking to foes.;;i piani vengano divulgati ai nemici.
5280;33272;;plant's flowers at their center.;;i fiori della pianta al centro.
2324;33305;;plants to be made into weapons.;;piante da trasformare in armi.
4444;33337;;played heavily in the Empire's seizure;;ha giocato un ruolo importante nella presa dell'Impero
3996;33376;;politics are still largely controlled by;;la politica > ancora largamente controllata da
4720;33417;;popular consciousness. Today, there are;;coscienza popolare. Oggi, ci sono
5696;33457;;population is thought to have all but;;si pensa che la popolazione abbia tutti tranne
3356;33495;;population known as the Valkyrur emerged;;popolazione conosciuta come Valkyrur emerse
4008;33536;;positions held by the emperor's blood;;posizioni ricoperte dal sangue dell'imperatore
3348;33574;;potential of ragnite in their heedless;;potenziale di ragnite nella loro sconsiderata
3352;33613;;power struggles. Suddenly, an immigrant;;lotte di potere. Improvvisamente, un immigrato
4532;33653;;power this behemoth, allegedly developed;;alimentare questo colosso, presumibilmente sviluppato
5936;33694;;powerful, highly mobile tanks, easily;;carri armati potenti e altamente mobili, facilmente
3248;33732;;powers had spent the intervening years;;i poteri avevano trascorso gli anni intermedi
3064;33771;;predating the unification are denoted as;;precedenti all'unificazione sono indicati come
3160;33812;;prince of the Empire was assassinated at;;il principe dell'Impero fu assassinato a
6016;33853;;prior to EWI, the war saw the Empire;;prima dell'EWI, la guerra vide l'Impero
2368;33890;;prison facility.;;struttura carceraria.
5876;33907;;proposed the necessity of a line of;;ha proposto la necessit= di una linea di
5796;33943;;proud race with a rich, unique culture.;;razza orgogliosa con una cultura ricca e unica.
3952;33983;;public and assembled under that standing;;pubblico e riunito sotto tale posizione
5784;34024;;pungent oils has given rise to a new set;;gli oli pungenti hanno dato origine a una nuova serie
5148;34065;;ragnite ore can produce various forms of;;il minerale di ragnite puo' produrre varie forme di
2216;34106;;ragnite technology, the Valkyrur easily;;tecnologia ragnite, il Valkyrur facilmente
3152;34146;;ragnite, pitting Europa's twin giants;;ragnite, che mette a confronto i giganti gemelli di Europa
2404;34184;;ravine floor while working under ;;pavimento del burrone mentre si lavora sotto
2288;34218;;ravine that locals have chiseled away at;;burrone che la gente del posto ha scolpito via
3664;34259;;recent times have seen it become a day;;negli ultimi tempi > diventato un giorno
5116;34298;;recently driven Europa's nations to;;ha recentemente spinto le nazioni di Europa a
5188;34334;;recently learned that the ore also acts;;ho scoperto di recente che il minerale agisce anche
4968;34374;;refined ragnite, was capable of emitting;;la ragnite raffinata, era in grado di emettere
2316;34415;;refinery where it can be extracted, then;;raffineria dove puo' essere estratto, quindi
4880;34456;;refining technology can produce. While;;la tecnologia di raffinazione puo' produrre. Mentre
4012;34495;;relatives and close affiliates.;;parenti e stretti affiliati.
4824;34527;;remains unknown about the Valkyrur,;;rimane sconosciuto sul Valkyrur,
5652;34563;;remains unproven by archeological fact.;;non > ancora stata provata da dati archeologici.
1424;34603;;renounced his crown, instead ruling over;;rinuncio' alla sua corona, governando invece su
1512;34644;;repel even significantly larger foes.;;respingere anche nemici notevolmente piu' grandi.
2132;34682;;representation of the Valkyrur people;;Rappresentazione del popolo Valkyrr
2968;34720;;represented a common threat, motivating;;rappresentava una minaccia comune, motivante
3848;34760;;required to graduate from middle school,;;richiesto di diplomarsi alla scuola media,
4224;34801;;requiring the addition of a radiator at;;che richiede l'aggiunta di un radiatore a
1708;34841;;restructuring Gallia's military and;;ristrutturando l'apparato militare della Gallia e
3628;34877;;return to Europa after the Valkyrian;;ritorno in Europa dopo la Valkyrian
4768;34914;;rich in ragnite, engaged the indigenous;;ricco di ragnite, impegnava gli indigeni
2772;34954;;rise to a number of kingdoms. Subsequent;;sorgere in un certo numero di regni. Successivi
2872;34995;;rise to power. Already tightly bound by ;;ascesa al potere. Gi= strettamente vincolato da
2512;35036;;road for countless Gallian soldiers sent;;strada per innumerevoli soldati Galli inviati
1844;35077;;role as a transit gateway between the;;ruolo di porta di transito tra l'
1724;35115;;room, offices, training grounds, hangars;;stanza, uffici, campi di allenamento, hangar
4024;35156;;roots in the medieval ideal of knightly;;radici nell'ideale medievale della cavalleria
2660;35196;;route linking Gallia to eastern Europa,;;rotta che collega la Gallia all'Europa orientale,
1856;35236;;routes and a series of canals connecting;;percorsi e una serie di canali di collegamento
2880;35277;;royalty, these nations now joined hands;;regalit=, queste nazioni ora unirono le mani
4964;35317;;said to be composed entirely of highly;;si dice che sia composto interamente da altamente
2176;35356;;sanctum, thought to be accessible only;;santuario, ritenuto accessibile solo
2580;35395;;saw warfare so frequent that today only;;vide la guerra cosi frequente che oggi solo
3556;35435;;scour settlements both within the Empire;;setacciare gli insediamenti sia all'interno dell'Impero
2120;35476;;script.;;sceneggiatura.
5584;35484;;sealed away as the pillar of a castle;;sigillato come il pilastro di un castello
6020;35522;;secure a broad head start in the field;;assicurarsi un ampio vantaggio iniziale nel campo
5264;35561;;seed tufts often carried off by the wind;;ciuffi di semi spesso trasportati via dal vento
5760;35602;;senseless destruction, the Darcsens were;;distruzione insensata, i Darcsen erano
2320;35643;;sent on to one of several manufacturing;;inviato a uno dei diversi stabilimenti di produzione
3580;35683;;sent to live and work in inhumane;;mandati a vivere e lavorare in condizioni disumane
1984;35717;;several tens of kilometers across.;;di diverse decine di chilometri di larghezza.
4908;35752;;shape, they are believed to serve as ;;forma, si ritiene che servano come
4888;35790;;shapes, all of them bear a design known;;forme, tutte portano un disegno noto
2484;35830;;shielded machine gun emplacements lined;;postazioni di mitragliatrici schermate allineate
1840;35870;;side of the bridge, prosperous in its;;lato del ponte, prospero nel suo
3188;35908;;signed a cease-fire agreement.;;hanno firmato un accordo di cessate il fuoco.
5260;35939;;small, white, star-shaped flowers and;;piccoli fiori bianchi a forma di stella e
5780;35977;;smelt ragnite in refinery sites full of;;fondere la ragnite in siti di raffinazione pieni di
1996;36017;;so-called Darcsen Calamity, the area has;;la cosiddetta calamit= di Darcsen, l'area ha
1744;36058;;soldiers themselves.;;i soldati stessi.
1952;36079;;some of Kloden's trees are thought to be;;si pensa che alcuni degli alberi di Kloden siano
4884;36120;;some variation exists among the weapons';;esiste qualche variazione tra le armi
5404;36161;;sometimes kept as pets.;;a volte tenuti come animali domestici.
5248;36185;;sort of informal symbol of the nation.;;una sorta di simbolo informale della nazione.
1532;36224;;source of energy. Large cities dot the;;fonte di energia. Le grandi citt= punteggiano il
2192;36263;;spiral staircase winding down over 50m;;scala a chiocciola che scende per oltre 50 metri
3168;36302;;spiraled into all-out war. Though the;;sprofondo' in una guerra totale. Sebbene il
2784;36340;;splinter off to form new nations, and it;;frammentarsi per formare nuove nazioni, e
2804;36381;;split between the East Europan Imperial;;diviso tra l'Europa orientale imperiale
3584;36421;;squalor at any of several concentration;;squallore a una qualsiasi delle diverse concentrazioni
4340;36461;;standard cannons. At the rear is a final;;cannoni standard. Nella parte posteriore c'> un finale
3252;36502;;stockpiling arms and preparing for the;;accumulare armi e prepararsi per la
5764;36541;;stripped of their last names and chased;;spogliati dei loro cognomi e inseguiti
2916;36581;;strong hatred for the Darcsen race.;;forte odio per la razza Darcsen.
2480;36617;;stronghold. Massive cannons and thickly;;roccaforte. Cannoni massicci e fittamente
5484;36657;;subsequently discarded by the Gallian;;successivamente scartato dal Galliano
2224;36695;;succeeded in the conquest of Europa.;;riusci a conquistare Europa.
3272;36732;;succession. The Federation responded;;successione. La Federazione ha risposto
5676;36769;;superhuman feats. Where historical fact;;imprese sovrumane. Dove il fatto storico
4060;36809;;superiority.;;superiorit=.
3288;36822;;superpowers began to spill across the;;le superpotenze cominciarono a riversarsi in tutto il
3492;36860;;support that theory.;;supportano questa teoria.
2472;36881;;surrounded the broad, hilly center of;;circondava il vasto centro collinare di
3132;36919;;surrounding ragnite resources escalated;;le risorse circostanti di ragnite sono aumentate
3472;36959;;surviving examples are extremely rare.;;gli esemplari sopravvissuti sono estremamente rari.
1436;36998;;swept western Europa, the archduke;;spazzo' l'Europa occidentale, l'arciduca
1476;37033;;system of universal conscription.;;sistema di coscrizione universale.
4872;37067;;take the shape of a spiral shell, made;;assumere la forma di una conchiglia a spirale, realizzata
1756;37106;;takes place in an on-base facility, with;;si svolge in una struttura sulla base, con
5820;37147;;tank designs favor small, highly mobile;;i progetti di carri armati favoriscono i piccoli carri armati altamente mobili
5840;37187;;tanks and foot soldiers to stop the;;carri armati e fanti per fermare il
5892;37223;;tanks remain primarily defensive units.;;i carri armati rimangono principalmente unit= difensive.
5880;37263;;tanks specialized in offensive power,;;carri armati specializzati nella potenza offensiva,
5852;37301;;tanks. After witnessing the Empire's;;carri armati. Dopo aver assistito all'Impero
5940;37338;;tearing apart the Federation's defenses.;;facendo a pezzi le difese della Federazione.
4240;37379;;technological advances have seen tanks;;i progressi tecnologici hanno visto i carri armati
3008;37418;;terms of national power, they have yet;;in termini di potenza nazionale, non hanno ancora
2560;37457;;than the sweeping Naggiar Plains, found;;rispetto alle vaste pianure di Naggiar, trovate
3804;37497;;that all citizens are eligible to be;;che tutti i cittadini hanno diritto ad essere
5008;37534;;that ark may have informed the design of;;quell'arca potrebbe aver influenzato la progettazione di
5644;37575;;that crossed into Europa via the North;;che attraverso' l'Europa attraverso il Nord
4608;37614;;that the Valkyrur were a race of gods,;;che i Valkyrur erano una razza di dei,
3452;37653;;that the script served both as a tool of;;che la sceneggiatura serviva sia come strumento di
5668;37694;;that their very bodies exuded a strange;;che i loro corpi emanavano uno strano
4136;37734;;that war hero General Gunther operated,;;che l'eroe di guerra generale Gunther opero',
1360;37774;;that, this town of just under 8,000;;che, questa citt= di poco meno di 8.000
4600;37810;;the 3rd Century and gradually spread to;;il III secolo e si diffuse gradualmente
3624;37850;;the Darcsen Calamity, were again able to;;la calamit= di Darcsen, furono di nuovo in grado di
1460;37891;;the Empire was unable to maintain its;;l'Impero non > stato in grado di mantenere il suo
5948;37929;;the Empire, the tank represented the new;;l'Impero, il carro armato rappresentava il nuovo
3004;37970;;the Federation ahead of the Empire in;;la Federazione prima dell'Impero in
6032;38008;;the Imperial armored corps represented a;;il corpo corazzato imperiale rappresentava un
3540;38049;;the Imperial army often staged hunts.;;l'esercito imperiale organizzava spesso delle battute di caccia.
4092;38087;;the National Arsenal both develops and;;l'Arsenale Nazionale sviluppa e
1244;38126;;the ancient War of the Valkyrur, built a;;l'antica Guerra dei Valkyrur, costrui un
2312;38167;;the area carry the excavated ore to a;;l'area trasporta il minerale scavato a un
4000;38205;;the aristocracy. The military is no;;l'aristocrazia. L'esercito non >
2420;38241;;the camp's perimeter to prevent escape,;;il perimetro del campo per impedire la fuga,
1696;38281;;the capital. Known informally as Fort;;la capitale. Noto informalmente come Fort
4808;38319;;the continent onto the Darcsen people.;;il continente al popolo Darcsen.
4860;38358;;the continent, these weapons are thought;;il continente, si pensa che queste armi
3040;38399;;the continent. For this reason, it is;;il continente. Per questo motivo, >
3344;38437;;the dark arts to harness the destructive;;le arti oscure per imbrigliare la distruttiva
6040;38478;;the end of EWI, the Federation military;;la fine dell'EWI, l'esercito della Federazione
1628;38518;;the entire city stands as a citadel and;;l'intera citt= si erge come una cittadella e
3232;38558;;the entire continent in what became the;;l'intero continente in quello che divenne il
2148;38598;;the entry of all outsiders.;;l'ingresso di tutti gli estranei.
5180;38626;;the explosive payload in hand grenades,;;il carico esplosivo nelle granate a mano,
4632;38666;;the form of popular superstitions tied;;la forma delle superstizioni popolari legate
1332;38705;;the heart of town. Because it radiates;;il cuore della citt=. Perch< irradia
2144;38744;;the inner sanctum, closed tight to bar;;il sancta sanctorum, chiuso ermeticamente fino alle sbarre
3264;38783;;the invasion anew, taking three of the;;l'invasione di nuovo, prendendo tre dei
4588;38822;;the largest of them known as Yggdism.;;il piu' grande di essi > noto come Yggdismo.
2656;38860;;the middle ages as a castle along a key;;il medioevo come castello lungo una chiave
1940;38900;;the porcavian. Beeches form the majority;;il porcaviano. I faggi costituiscono la maggioranza
5072;38941;;the raw ore is then refined for use in;;il minerale grezzo viene poi raffinato per essere utilizzato in
5024;38980;;the realm of conjecture.;;il regno delle congetture.
2488;39005;;the rock face, barring all entry, while;;la parete rocciosa, che impedisce ogni ingresso, mentre
2844;39045;;the rule of the East Europan Emperor,;;il governo dell'imperatore dell'Europa orientale,
3164;39083;;the start of the 20th Century, tensions;;l'inizio del XX secolo, le tensioni
5984;39123;;the tank technology race, the Empire has;;la corsa alla tecnologia dei carri armati, l'Impero ha
4228;39164;;the tank's rear to prevent overheating.;;la parte posteriore del serbatoio per evitare il surriscaldamento.
5772;39204;;the targets of hatred and persecution.;;bersagli di odio e persecuzione.
5736;39243;;the traditional Darcsen pattern.;;il tradizionale motivo Darcsen.
5012;39276;;the weapon's modern mount, the Imperial;;il supporto moderno dell'arma, l'Imperiale
4032;39316;;their all in fidelity to the emperor.;;tutto per fedelt= all'imperatore.
4960;39354;;their ancient war of conquest. Its core,;;la loro antica guerra di conquista. Il suo nucleo,
4832;39395;;their preternatural powers.;;i loro poteri soprannaturali.
3392;39423;;their rule, the Valkyrur are credited;;il loro governo, i Valkyrur sono accreditati
5660;39461;;them unparalleled power over the Darcsen;;il loro potere senza pari sui Darcsen
1764;39502;;there around the clock.;;li 24 ore su 24.
1500;39526;;thick forests shielding it to the south,;;fitte foreste la proteggono a sud,
4716;39567;;thinning of their presence within the;;diradamento della loro presenza all'interno del
2500;39605;;this base utterly unassailable.;;questa base > assolutamente inattaccabile.
2268;39637;;this industry capital grew hand in hand;;questa capitale industriale > cresciuta di pari passo
2476;39677;;this inlet into an extremely effective;;questo ingresso in un estremamente efficace
2752;39716;;this land has inspired those with;;questa terra ha ispirato coloro che
5352;39750;;this subspecies is further distinguished;;questa sottospecie si distingue ulteriormente
4516;39791;;this vehicle blurs the line between tank;;questo veicolo confonde il confine tra carro armato
3712;39832;;thought to protect their bearer from;;pensato per proteggere il suo portatore da
4160;39869;;through close friendships with a number;;attraverso strette amicizie con un numero
2432;39909;;throughout the area.;;in tutta la zona.
5084;39930;;times, it was not until the Valkyrur;;volte, non > stato fino al Valkyrur
3660;39967;;to anyone the giver felt close to, but;;a chiunque il donatore si sentisse vicino, ma
2300;40006;;to be mined, extracted and sent on to;;da estrarre, estrarre e inviare a
5916;40044;;to break the stalemate of trench combat,;;per rompere la situazione di stallo del combattimento di trincea,
5872;40085;;to check the Imperial force. Theimer;;per controllare la forza imperiale. Theimer
2588;40122;;to cover the divot-ridden red clay soil.;;per coprire il terreno argilloso rosso pieno di zolle.
3012;40163;;to defeat them on the field of war.;;per sconfiggerli sul campo di guerra.
2180;40199;;to descendants of the Valkyrur.;;ai discendenti dei Valkyrur.
4256;40231;;to develop new vehicles, leading to the;;per sviluppare nuovi veicoli, portando alla
6068;40271;;to exercise their economic superiority,;;per esercitare la loro superiorit= economica,
2912;40311;;to harbor conservative views including a;;per nutrire opinioni conservatrici tra cui una
4864;40352;;to have been wielded by the Valkyrur.;;essere stato impugnato dal Valkyrur.
3484;40390;;to have their own written language, but;;avere una propria lingua scritta, ma
5628;40430;;to have united the devastated continent;;per aver unito il continente devastato
1904;40470;;to impede travelers while baffling their;;per ostacolare i viaggiatori e confonderli
2400;40511;;to live in a shoddy wooden camp on the;;vivere in un campo di legno scadente sul
2392;40550;;to scour Gallia for Darcsens that were;;per setacciare la Gallia alla ricerca dei Darcsen che erano
1660;40589;;to the national crest that bears the;;allo stemma nazionale che porta la
2244;40626;;to their descendants alone.;;solo ai loro discendenti.
2768;40654;;to unite Europa under their rule, giving;;per unire Europa sotto il loro dominio, dando
3760;40695;;touches and decorations to make the gift;;tocchi e decorazioni per rendere speciale il regalo
5588;40736;;tower, while the truth about House;;torre, mentre la verit= sulla Casa
1808;40771;;towers at either bank as part of a ring;;torri su entrambe le sponde come parte di un anello
3920;40811;;town, neighborhood and household level.;;a livello di citt=, quartiere e nucleo familiare.
3908;40851;;training, most of Gallia is also guarded;;addestramento, anche la maggior parte della Gallia > sorvegliata
2048;40892;;travelers, and visitors to the region;;viaggiatori e visitatori della regione
2208;40930;;truth behind the War of the Valkyrur: as;;la verit= dietro la Guerra dei Valkyrur: come
2240;40971;;truth of what happened was passed down;;la verit= di quanto accaduto > stata tramandata
1420;41010;;turn of the 19th Century, the king ;;all'inizio del XIX secolo, il re
5492;41046;;twin propellers.;;eliche gemelle.
5460;41063;;two-motored plane is comprised of a fore;;L'aereo bimotore > composto da un avantreno
5632;41104;;under one rule in ancient times.;;sotto un unico dominio nei tempi antichi.
3424;41137;;unification under Valkyrur rule.;;unificazione sotto il dominio dei Valkyrur.
3936;41170;;units and 2,000 military police units in;;unit= e 2.000 unit= di polizia militare in
5824;41211;;units suited to Gallia's topography over;;unit= adatte alla topografia della Gallia
5752;41252;;until the Valkyrur defeated them in the;;finch< i Valkyrur non li sconfissero nel
3932;41292;;up of 80,000 ground units, 10,000 marine;;fino a 80.000 unit= terrestri, 10.000 marine
3900;41333;;uphold Gallia's position of neutrality.;;sostenere la posizione di neutralit= della Gallia.
3868;41373;;upon enlistment.;;al momento dell'arruolamento.
2688;41390;;use by Commander Maximilian and his top-;;utilizzato dal comandante Massimiliano e dai suoi superiori
2096;41431;;using giant slabs of ragnite-rich stone;;utilizzando lastre giganti di pietra ricca di ragnite
3436;41471;;vertical, horizontal and angled strokes;;tratti verticali, orizzontali e angolati
5100;41511;;vital ingredient to human civilization.;;ingrediente vitale della civilt= umana.
1612;41551;;war hero who founded it and began rule;;eroe di guerra che lo fondo' e inizio' a governarlo
3300;41590;;war that dwarfed all those in memory.;;una guerra che ha fatto impallidire tutte quelle che si ricordano.
4140;41628;;was a major player in the arsenal's;;era un giocatore importante nell'arsenale
2788;41664;;was not long before the first campaigns;;non passo' molto tempo prima delle prime campagne
4984;41704;;was sealed away inside the central tower;;fu sigillato all'interno della torre centrale
5112;41745;;weaponry derived from the ore has;;le armi derivate dal minerale hanno
4816;41779;;were Europa's saviors, using that as a;;furono i salvatori di Europa, usando cio' come un
5532;41818;;were actually a powerful clan of Darcsen;;erano in realt= un potente clan di Darcsen
5972;41859;;were left to develop small ambush tanks,;;sono stati lasciati a sviluppare piccoli carri armati da imboscata,
2860;41900;;when ragnite was discovered as a useful;;quando la ragnite fu scoperta come un materiale utile
5060;41940;;when releasing the energy it contains.;;quando rilascia l'energia in esso contenuta.
4188;41979;;when trench combat was the primary form;;quando il combattimento di trincea era la forma primaria
5976;42019;;which in turn led Imperial designers to;;che a sua volta ha portato i progettisti imperiali a
5748;42059;;which this race devastated the continent;;che questa gara ha devastato il continente
3276;42100;;with a formal declaration of war.;;con una formale dichiarazione di guerra.
1824;42134;;with a unique accordion-fold design that;;con un design unico a fisarmonica che
2388;42175;;with laborers. Hunting parties were sent;;con i lavoratori. Le partite di caccia venivano inviate
6048;42216;;with large cannons, and the development;;con grandi cannoni e lo sviluppo
2272;42256;;with the evolution of ragnite science.;;con l'evoluzione della scienza dei ragniti.
2812;42295;;with the small nations in their shadows;;con le piccole nazioni nella loro ombra
2780;42335;;within each of the kingdoms chose to;;all'interno di ciascuno dei regni scelsero di
2900;42372;;within the alliance. The Empire retains;;all'interno dell'alleanza. L'Impero conserva
3824;42412;;won its independence, the law prescribes;;ha conquistato la sua indipendenza, la legge prescrive
3056;42453;;year the Darcsen people were subdued and;;anno il popolo Darcsen fu sottomesso e
